comparison,dataset,sampling_policy,model,split_seed,epsilon,N,stage_index,alpha0,lambda_l1,lmaj_factor,Lmaj,eps_tol_k,mu_k,stepsize,inner_steps_per_stage,actual_update_count,train_objective,stationarity_proxy,runtime_sec,x_box,m_groups,group_names,bank_seed,bank_hash,init_w_norm,init_b,failed,source_config_N,warm_start_from_N,checkpoint_path,tr_sampled_robust_loss,tr_sampled_mean_loss,tr_robust_loss,tr_cvar_loss,tr_clean_loss,val_robust_loss,val_cvar_loss,val_clean_loss,te_robust_loss,te_cvar_loss,te_clean_loss
final_path,parkinsons,uniform_iid_nested,direct,20000517,0.15,1,0,0.003,0.01,,,0.1,0.07213475204444818,0.003,500,500,0.38676086628452133,0.21772688219853434,0.11248207092285156,1.0,5,"frequency,jitter,shimmer,noise_tone,nonlinear",20001294.0,878a922393571c2f,0.0,0.0,False,1,,,0.36712112577087125,0.36712112577087125,0.8691733154693602,1.8935835863468153,0.47021591422908326,0.9035576371160658,1.6214513505005022,0.47338262463528213,0.7806586857645659,2.2495189117115926,0.464044526073446
final_path,parkinsons,uniform_iid_nested,direct,20000518,0.15,1,0,0.003,0.01,,,0.1,0.07213475204444818,0.003,500,500,0.46362683363722823,0.2065881363456674,0.1136927604675293,1.0,5,"frequency,jitter,shimmer,noise_tone,nonlinear",20001295.0,eb373f865a221ab1,0.0,0.0,False,1,,,0.4471517695973959,0.4471517695973959,0.8516531383571169,2.1206205609260294,0.5197912974110547,0.9949570954174182,2.225467607241943,0.5780332338852123,1.067658201728005,2.061870837950788,0.6349031724764427
final_path,parkinsons,uniform_iid_nested,direct,20000617,0.15,1,0,0.003,0.01,,,0.1,0.07213475204444818,0.003,500,500,0.45053618965155556,0.23155082706702754,0.10951113700866699,1.0,5,"frequency,jitter,shimmer,noise_tone,nonlinear",20001394.0,c7d6f782f291a376,0.0,0.0,False,1,,,0.43396254631420067,0.43396254631420067,0.7151852481044245,1.6617891379700573,0.48031762851351306,0.7078187943267511,1.556443469243671,0.4867622643886433,0.7738095472178154,1.5917836735463964,0.5389231766111392
final_path,parkinsons,uniform_iid_nested,direct,20000618,0.15,1,0,0.003,0.01,,,0.1,0.07213475204444818,0.003,500,500,0.3898083110053431,0.21879894517984141,0.1098470687866211,1.0,5,"frequency,jitter,shimmer,noise_tone,nonlinear",20001395.0,2141710adbb0ef41,0.0,0.0,False,1,,,0.36991459510303687,0.36991459510303687,0.8861826467784943,2.1093533469320347,0.4751540287409122,1.1892020772406935,1.9446098068007984,0.6610503810592646,0.6123716290822067,1.5999654727916341,0.35195211674746235
final_path,parkinsons,uniform_iid_nested,direct,20000517,0.15,2,1,0.003,0.01,,,0.09000000000000001,0.06492127684000336,0.0027,500,1000,0.44288069073293856,0.1795711785873449,0.14343881607055664,1.0,5,"frequency,jitter,shimmer,noise_tone,nonlinear",20001294.0,08cad879d6be4645,0.0,0.0,False,2,,,0.39836248266966223,0.3683595050243482,0.755008854441625,1.959983576736614,0.4131583598167658,0.7331767632709668,1.557558861249186,0.4063264139831712,0.668394759770575,2.21282848667577,0.41782065747439373
final_path,parkinsons,uniform_iid_nested,direct,20000518,0.15,2,1,0.003,0.01,,,0.09000000000000001,0.06492127684000336,0.0027,500,1000,0.4746720374127409,0.14204750035643568,0.14429211616516113,1.0,5,"frequency,jitter,shimmer,noise_tone,nonlinear",20001295.0,0a551b1ac70c9283,0.0,0.0,False,2,,,0.41138554922467235,0.4079725155784989,0.9066147413143095,2.4650139552614583,0.48127306847344603,1.1200103798751648,2.7269505080443204,0.5862858331752988,1.212849998778529,2.5248519855230613,0.6371575538108012
final_path,parkinsons,uniform_iid_nested,direct,20000617,0.15,2,1,0.003,0.01,,,0.09000000000000001,0.06492127684000336,0.0027,500,1000,0.42805574159811777,0.16170764526005055,0.14037299156188965,1.0,5,"frequency,jitter,shimmer,noise_tone,nonlinear",20001394.0,99d44c2ab4480d18,0.0,0.0,False,2,,,0.3780894635500218,0.3580041469691036,0.7850235531382118,2.032203288311966,0.4263748408931077,0.7958082773092423,1.9747998095946584,0.46501258104811677,0.8706760763877687,1.9448060119077692,0.5075649062245133
final_path,parkinsons,uniform_iid_nested,direct,20000618,0.15,2,1,0.003,0.01,,,0.09000000000000001,0.06492127684000336,0.0027,500,1000,0.48518246425391265,0.19389998493711985,0.1418440341949463,1.0,5,"frequency,jitter,shimmer,noise_tone,nonlinear",20001395.0,cd716bda859ed508,0.0,0.0,False,2,,,0.4384563864376053,0.41747507806954487,0.5291967589672905,1.1627384529205902,0.42625159781672606,0.7467173228154999,1.229762167926854,0.6234272939889935,0.4451340190245884,1.0111776000015555,0.3713967680472115
final_path,parkinsons,uniform_iid_nested,direct,20000517,0.15,4,2,0.003,0.01,,,0.08100000000000002,0.029214574578001515,0.0012150000000000002,500,1500,0.4648419464960135,0.28444652015689875,0.20517921447753906,1.0,5,"frequency,jitter,shimmer,noise_tone,nonlinear",20001294.0,9e79323302b9ea2b,0.0,0.0,False,4,,,0.4367692649755258,0.3884501223347132,0.5066369666540191,1.3189822297830602,0.3996289435879253,0.5209768238579463,1.2774000153908713,0.43081919318774353,0.46568341926322226,1.3684470931994697,0.39221852032167653
final_path,parkinsons,uniform_iid_nested,direct,20000518,0.15,4,2,0.003,0.01,,,0.08100000000000002,0.029214574578001515,0.0012150000000000002,500,1500,0.4995630410812943,0.27128137917969564,0.20447111129760742,1.0,5,"frequency,jitter,shimmer,noise_tone,nonlinear",20001295.0,8f0d972cc5b65489,0.0,0.0,False,4,,,0.44950800022999665,0.4368427305270531,0.5551059125679719,1.5010203996415958,0.44188059414926933,0.7160391524212901,2.0316455883991185,0.5409685907675932,0.7350183731578072,1.772951909122654,0.5589671969786719
final_path,parkinsons,uniform_iid_nested,direct,20000617,0.15,4,2,0.003,0.01,,,0.08100000000000002,0.029214574578001515,0.0012150000000000002,500,1500,0.45197344660131955,0.262467760559678,0.20176982879638672,1.0,5,"frequency,jitter,shimmer,noise_tone,nonlinear",20001394.0,c2c0a67051faf557,0.0,0.0,False,4,,,0.42053920140373224,0.37275428094668006,0.5881340141066264,1.5696154243705351,0.39819866841789275,0.6121520282446951,1.6489443221141071,0.44942757535512146,0.6704169393068939,1.4615670526313058,0.4955324126430258
final_path,parkinsons,uniform_iid_nested,direct,20000618,0.15,4,2,0.003,0.01,,,0.08100000000000002,0.029214574578001515,0.0012150000000000002,500,1500,0.4771913792718918,0.18990742297610896,0.20424818992614746,1.0,5,"frequency,jitter,shimmer,noise_tone,nonlinear",20001395.0,70841cec5a80e2da,0.0,0.0,False,4,,,0.42738015023373543,0.41373314157894603,0.47349278435606235,1.093365765903217,0.41079652104391634,0.6778119242151033,1.1825029073875704,0.6038357070313808,0.40839092579781505,0.9499427842795989,0.3620640652160815
final_path,parkinsons,uniform_iid_nested,direct,20000517,0.15,8,3,0.003,0.01,,,0.0729,0.017528744746800908,0.000729,500,2000,0.4630246206749176,0.20015242963553392,0.32776808738708496,1.0,5,"frequency,jitter,shimmer,noise_tone,nonlinear",20001294.0,d0daf823d9cdc5c6,0.0,0.0,False,8,,,0.4297843328129745,0.38928284510459515,0.48276080490830414,1.2611995146449597,0.38974284267754544,0.5173409407916346,1.276064423204745,0.4355105154881374,0.45321343172441525,1.2562806363999228,0.38991636538034924
final_path,parkinsons,uniform_iid_nested,direct,20000518,0.15,8,3,0.003,0.01,,,0.0729,0.017528744746800908,0.000729,500,2000,0.4830519013628572,0.1597134827706345,0.32132482528686523,1.0,5,"frequency,jitter,shimmer,noise_tone,nonlinear",20001295.0,968c7f537e2659b0,0.0,0.0,False,8,,,0.4416180094292274,0.4218609576256057,0.5268097010152907,1.4070988462146035,0.4309586787664027,0.6828043893225256,1.9527293581066263,0.5272803026819293,0.6944456619430679,1.711518909011317,0.5411326947195115
final_path,parkinsons,uniform_iid_nested,direct,20000617,0.15,8,3,0.003,0.01,,,0.0729,0.017528744746800908,0.000729,500,2000,0.45154130803526743,0.21995253292550881,0.32164907455444336,1.0,5,"frequency,jitter,shimmer,noise_tone,nonlinear",20001394.0,2590fcde1a4aab1e,0.0,0.0,False,8,,,0.4131969449498661,0.37584282674432934,0.5402353653222975,1.4326184058318676,0.383586487108847,0.5713043906527836,1.5911624469778098,0.438943914884575,0.6270570365647762,1.316249607311335,0.49162150934950305
final_path,parkinsons,uniform_iid_nested,direct,20000618,0.15,8,3,0.003,0.01,,,0.0729,0.017528744746800908,0.000729,500,2000,0.46229850546046886,0.1649681663253434,0.3274359703063965,1.0,5,"frequency,jitter,shimmer,noise_tone,nonlinear",20001395.0,c9c4ac98baa194a0,0.0,0.0,False,8,,,0.41490773642232226,0.403052040673335,0.45635801484307736,1.1165293321321088,0.40089771798631485,0.6789793691603662,1.2121564175255821,0.5946501215604801,0.392986574226369,0.9780118116431895,0.3526300346768837
final_path,parkinsons,uniform_iid_nested,direct,20000517,0.15,16,4,0.003,0.01,,,0.06561,0.011831902704090612,0.000492075,500,2500,0.4596431712365878,0.20845433430182977,0.5840010643005371,1.0,5,"frequency,jitter,shimmer,noise_tone,nonlinear",20001294.0,a9c8b0af4f91315c,0.0,0.0,False,16,,,0.42412071550841324,0.3903432945568093,0.4554195045886395,1.2078580857815893,0.3850135303668696,0.4939804194487967,1.2422680339763255,0.4349955252887461,0.4327745309654864,1.224036582841819,0.3865686020843262
final_path,parkinsons,uniform_iid_nested,direct,20000518,0.15,16,4,0.003,0.01,,,0.06561,0.011831902704090612,0.000492075,500,2500,0.4747930033034533,0.16178187590106036,0.5658738613128662,1.0,5,"frequency,jitter,shimmer,noise_tone,nonlinear",20001295.0,60631e1f14a9c375,0.0,0.0,False,16,,,0.4370538485684109,0.4151391890440337,0.5081639133145498,1.3446636997558878,0.4236533315069776,0.66278842191361,1.8974586915340086,0.5215128586988593,0.6686730000708755,1.6609638240448596,0.5323278444936922
final_path,parkinsons,uniform_iid_nested,direct,20000617,0.15,16,4,0.003,0.01,,,0.06561,0.011831902704090612,0.000492075,500,2500,0.43976624359643857,0.20353541884062437,0.5669891834259033,1.0,5,"frequency,jitter,shimmer,noise_tone,nonlinear",20001394.0,96e1f057c4c655a8,0.0,0.0,False,16,,,0.4049560368450524,0.3663408613419819,0.5132115616120366,1.3613046281250183,0.375487298029409,0.5488846442651718,1.5621955860591612,0.43407502557060396,0.6038491080911297,1.273778480938398,0.4900375789567048
final_path,parkinsons,uniform_iid_nested,direct,20000618,0.15,16,4,0.003,0.01,,,0.06561,0.011831902704090612,0.000492075,500,2500,0.45878864048077356,0.173204843603793,0.5659482479095459,1.0,5,"frequency,jitter,shimmer,noise_tone,nonlinear",20001395.0,af7a4aea0a351df1,0.0,0.0,False,16,,,0.42290413275400957,0.39994646065341843,0.44605012231471536,1.107976526193711,0.3939201900684994,0.6664413702823457,1.2005226931535755,0.5862760312765823,0.3837510750794264,0.9775332034141722,0.3464508073301069
final_path,parkinsons,uniform_iid_nested,direct,20000517,0.15,64,5,0.003,0.01,,,0.05904900000000001,0.007099141622454369,0.0002952450000000001,500,3000,0.45115672365627923,0.19949204375219048,2.038361072540283,1.0,5,"frequency,jitter,shimmer,noise_tone,nonlinear",20001294.0,7dfd0fbd89eb2a0a,0.0,0.0,False,64,16.0,in_memory_N16_state,0.4198805489520911,0.3864413868240334,0.44329825593210304,1.205124012511452,0.3821042996822696,0.483925291860796,1.2449291947223928,0.4341194401049217,0.42463124859930085,1.2213651200841629,0.38522439551792403
final_path,parkinsons,uniform_iid_nested,direct,20000518,0.15,64,5,0.003,0.01,,,0.05904900000000001,0.007099141622454369,0.0002952450000000001,500,3000,0.47641370602778094,0.1997305122562311,2.010317802429199,1.0,5,"frequency,jitter,shimmer,noise_tone,nonlinear",20001295.0,5ba4281330b28127,0.0,0.0,False,64,16.0,in_memory_N16_state,0.44574844560411897,0.41479695459957083,0.5025596157530626,1.3267094592694548,0.41916791784873897,0.658844888424164,1.8737774477217606,0.517851162393389,0.6610916805637903,1.6384042820686848,0.5266855029805082
final_path,parkinsons,uniform_iid_nested,direct,20000617,0.15,64,5,0.003,0.01,,,0.05904900000000001,0.007099141622454369,0.0002952450000000001,500,3000,0.45733595204092103,0.3982394959236937,2.0092809200286865,1.0,5,"frequency,jitter,shimmer,noise_tone,nonlinear",20001394.0,920aaab13cb8a946,0.0,0.0,False,64,16.0,in_memory_N16_state,0.43217636878897625,0.36919394918599824,0.46958584089366745,1.2034022144037297,0.3719431765576258,0.5108578178166048,1.4596082708242468,0.4326875096227763,0.567054258320013,1.1710216296548162,0.4945700895392176
final_path,parkinsons,uniform_iid_nested,direct,20000618,0.15,64,5,0.003,0.01,,,0.05904900000000001,0.007099141622454369,0.0002952450000000001,500,3000,0.45329487452335476,0.1859321937842735,2.0401229858398438,1.0,5,"frequency,jitter,shimmer,noise_tone,nonlinear",20001395.0,80f913eb7187bf34,0.0,0.0,False,64,16.0,in_memory_N16_state,0.42544490857337836,0.39221262922845296,0.43682596420926584,1.1042217135125818,0.3907154115799906,0.6636252642223641,1.2060794637244734,0.5820985867703209,0.37874512374470387,0.9829462930804024,0.34495672177895936
final_path,parkinsons,uniform_iid_nested,direct,20000517,0.15,256,6,0.003,0.01,,,0.05314410000000001,0.004791920595156698,0.00019929037500000002,500,3500,0.44793254330311977,0.2174865142891805,8.165886163711548,1.0,5,"frequency,jitter,shimmer,noise_tone,nonlinear",20001294.0,6621ad69cb94d7c3,0.0,0.0,False,256,64.0,,0.4222964496039632,0.3833573251741338,0.4349227014979217,1.2055175026220522,0.38027771504404556,0.4824645539857848,1.2473233220070983,0.43339928752519047,0.4188329225525526,1.2204619890160184,0.3841752527673188
final_path,parkinsons,uniform_iid_nested,direct,20000518,0.15,256,6,0.003,0.01,,,0.05314410000000001,0.004791920595156698,0.00019929037500000002,500,3500,0.4890279663125472,0.268361566124073,8.313277006149292,1.0,5,"frequency,jitter,shimmer,noise_tone,nonlinear",20001295.0,9ef36bd23bd434ea,0.0,0.0,False,256,64.0,,0.4613373450810649,0.41735762534060794,0.4823199427012401,1.2459950654680598,0.415826829247246,0.6296176546107524,1.7895049170289241,0.5126456319804855,0.6291880842630735,1.5491588733263324,0.5177699139477353
final_path,parkinsons,uniform_iid_nested,direct,20000617,0.15,256,6,0.003,0.01,,,0.05314410000000001,0.004791920595156698,0.00019929037500000002,500,3500,0.44568580307014893,0.3384220986988414,8.1097731590271,1.0,5,"frequency,jitter,shimmer,noise_tone,nonlinear",20001394.0,69f71b3f62f3c269,0.0,0.0,False,256,64.0,,0.4168577298389946,0.36994743284562903,0.4487354623901305,1.1247983854782369,0.37013665412255536,0.4934433768393355,1.4247811687023426,0.4327974149495258,0.5514724496720946,1.1403234119143217,0.4979188478345232
final_path,parkinsons,uniform_iid_nested,direct,20000618,0.15,256,6,0.003,0.01,,,0.05314410000000001,0.004791920595156698,0.00019929037500000002,500,3500,0.4513224630377675,0.19169758125692057,8.197654962539673,1.0,5,"frequency,jitter,shimmer,noise_tone,nonlinear",20001395.0,c8114edbe85cb97b,0.0,0.0,False,256,64.0,,0.42336063590793604,0.3908648531759272,0.4309557719906858,1.0990307049907213,0.38866817075384946,0.6609727671224295,1.2080347603999835,0.579866318742067,0.37617030516376054,0.9842514289176499,0.34441866454653347
final_path,parkinsons,uniform_iid_nested,direct,20000517,0.25,1,0,0.003,0.001,,,0.1,0.07213475204444818,0.003,500,500,0.3423860381974365,0.2071884240131947,0.11449503898620605,1.0,5,"frequency,jitter,shimmer,noise_tone,nonlinear",20001294.0,df97b3d9ed329574,0.0,0.0,False,1,,,0.34002845066338855,0.34002845066338855,1.3646042997589194,2.821916386801156,0.48723650937648677,1.4163573003323668,2.417399495411984,0.47341918894988183,1.1821001667988116,3.234231496795716,0.48336814531454314
final_path,parkinsons,uniform_iid_nested,direct,20000518,0.25,1,0,0.003,0.001,,,0.1,0.07213475204444818,0.003,500,500,0.42538834433545725,0.1988008662666599,0.1106879711151123,1.0,5,"frequency,jitter,shimmer,noise_tone,nonlinear",20001295.0,181ab442023a92f5,0.0,0.0,False,1,,,0.42336726583442363,0.42336726583442363,1.3387736143387872,3.2201189084116066,0.5385877925840474,1.5510261427393843,3.328042833420989,0.6204131475236397,1.6530059053654045,3.1181549309172842,0.6801456146633199
final_path,parkinsons,uniform_iid_nested,direct,20000617,0.25,1,0,0.003,0.001,,,0.1,0.07213475204444818,0.003,500,500,0.39781660622992226,0.2370365025068696,0.11115884780883789,1.0,5,"frequency,jitter,shimmer,noise_tone,nonlinear",20001394.0,5a0a324c3e3439e1,0.0,0.0,False,1,,,0.3956370913420464,0.3956370913420464,1.1193283222451156,2.513984200643804,0.4939404432592524,1.101599093504709,2.3887704368016545,0.5101106209208144,1.207805042494559,2.4802371261835097,0.5647383363727106
final_path,parkinsons,uniform_iid_nested,direct,20000618,0.25,1,0,0.003,0.001,,,0.1,0.07213475204444818,0.003,500,500,0.3401970961363566,0.19926612568722593,0.11232781410217285,1.0,5,"frequency,jitter,shimmer,noise_tone,nonlinear",20001395.0,36560452feee29c3,0.0,0.0,False,1,,,0.3377900629104354,0.3377900629104354,1.4256801773807903,3.169812365280151,0.4968841669159449,1.867692457551041,2.9315245069968245,0.7181135923886471,1.009180857974241,2.382211317413755,0.33683065363341336
final_path,parkinsons,uniform_iid_nested,direct,20000517,0.25,2,1,0.003,0.001,,,0.09000000000000001,0.06492127684000336,0.0027,500,1000,0.3986477987631854,0.18212238335250955,0.1472320556640625,1.0,5,"frequency,jitter,shimmer,noise_tone,nonlinear",20001294.0,118a9f2abf617b99,0.0,0.0,False,2,,,0.3701534390293228,0.3467554494512761,1.193798318541453,2.944420133790786,0.43492235175644917,1.0977856134732789,2.287202833679112,0.39304435047598707,0.9942267937186956,3.2482047990838283,0.4363217515078284
final_path,parkinsons,uniform_iid_nested,direct,20000518,0.25,2,1,0.003,0.001,,,0.09000000000000001,0.06492127684000336,0.0027,500,1000,0.4365386640686249,0.13874385488117894,0.1418921947479248,1.0,5,"frequency,jitter,shimmer,noise_tone,nonlinear",20001295.0,4450364db6faf954,0.0,0.0,False,2,,,0.3906023319276546,0.38891896393415515,1.538904594241485,3.873187316869578,0.5140917849034082,1.8407122074122875,4.190681372339419,0.665003613163872,1.971628941294722,3.8923447006955714,0.7163709144409225
final_path,parkinsons,uniform_iid_nested,direct,20000617,0.25,2,1,0.003,0.001,,,0.09000000000000001,0.06492127684000336,0.0027,500,1000,0.3798285541826958,0.15409604582153902,0.1414811611175537,1.0,5,"frequency,jitter,shimmer,noise_tone,nonlinear",20001394.0,706b07b14b3c7346,0.0,0.0,False,2,,,0.34582157537192043,0.33014179365237706,1.37042697180271,3.2108790118929806,0.4530390088333707,1.3526935061548118,3.075667834699514,0.5055159528171472,1.5083455173641631,3.2109630716098296,0.5500874974481016
final_path,parkinsons,uniform_iid_nested,direct,20000618,0.25,2,1,0.003,0.001,,,0.09000000000000001,0.06492127684000336,0.0027,500,1000,0.4586319655727908,0.2033772999835827,0.14302992820739746,1.0,5,"frequency,jitter,shimmer,noise_tone,nonlinear",20001395.0,a56d92024393737b,0.0,0.0,False,2,,,0.4179608020369065,0.41079037370110627,0.6510899232725526,1.3809334639448414,0.43922832397773737,0.909887035697888,1.479231184192468,0.671158456649276,0.5488318297644671,1.1914787844426245,0.37669172404172796
final_path,parkinsons,uniform_iid_nested,direct,20000517,0.25,4,2,0.003,0.001,,,0.08100000000000002,0.029214574578001515,0.0012150000000000002,500,1500,0.4447203465315213,0.19425897992155058,0.2098219394683838,1.0,5,"frequency,jitter,shimmer,noise_tone,nonlinear",20001294.0,de016f2c9e53d33b,0.0,0.0,False,4,,,0.421467103014138,0.3920495059762347,0.6965487049859573,2.03298902133383,0.4146023095935236,0.700414169938767,1.752697880361548,0.4311476413871492,0.6080593817520432,2.303755615345481,0.39736362444751255
final_path,parkinsons,uniform_iid_nested,direct,20000518,0.25,4,2,0.003,0.001,,,0.08100000000000002,0.029214574578001515,0.0012150000000000002,500,1500,0.4845411993978593,0.20985328874292847,0.20369195938110352,1.0,5,"frequency,jitter,shimmer,noise_tone,nonlinear",20001295.0,7c9c0c141cce6fb1,0.0,0.0,False,4,,,0.4459168112625989,0.44100526728581346,0.7508365895732957,2.058638769820107,0.4664824817563458,0.9333276335165227,2.6783876846605406,0.5999801653107144,1.0337565110697002,2.4198416371246934,0.6200853145831138
final_path,parkinsons,uniform_iid_nested,direct,20000617,0.25,4,2,0.003,0.001,,,0.08100000000000002,0.029214574578001515,0.0012150000000000002,500,1500,0.42603526331179625,0.20641293748555128,0.20387697219848633,1.0,5,"frequency,jitter,shimmer,noise_tone,nonlinear",20001394.0,6db226ef43ffce8e,0.0,0.0,False,4,,,0.4066445732736068,0.36905910894454463,0.7968268626962918,2.141289247500624,0.41751197567961534,0.8011895334493142,2.053706765280219,0.4845506685081391,0.8955121759818021,2.1066407887726872,0.532167068936848
final_path,parkinsons,uniform_iid_nested,direct,20000618,0.25,4,2,0.003,0.001,,,0.08100000000000002,0.029214574578001515,0.0012150000000000002,500,1500,0.4580515380368024,0.19396891899586344,0.20948100090026855,1.0,5,"frequency,jitter,shimmer,noise_tone,nonlinear",20001395.0,727f5e7d307541d3,0.0,0.0,False,4,,,0.4240592469630019,0.4103540973812104,0.6069599249471321,1.5897041913401244,0.42115971628414234,0.9772873038930034,1.7657718192594318,0.644477916704042,0.5039551191234222,1.3603150384805622,0.36602874125761303
final_path,parkinsons,uniform_iid_nested,direct,20000517,0.25,8,3,0.003,0.001,,,0.0729,0.017528744746800908,0.000729,500,2000,0.48082737755879845,0.31200501739156505,0.33498287200927734,1.0,5,"frequency,jitter,shimmer,noise_tone,nonlinear",20001294.0,2e5f5fd4d4b9581a,0.0,0.0,False,8,,,0.46871026561187884,0.40024829027955844,0.6161362863922263,1.5052599204310801,0.39847147363570196,0.6785949745820155,1.5013705734152518,0.4641630932314302,0.5776209477340111,1.4770542747805915,0.4041276929478881
final_path,parkinsons,uniform_iid_nested,direct,20000518,0.25,8,3,0.003,0.001,,,0.0729,0.017528744746800908,0.000729,500,2000,0.48030794143944,0.1916114336569312,0.32360291481018066,1.0,5,"frequency,jitter,shimmer,noise_tone,nonlinear",20001295.0,cf5130be7adf62fe,0.0,0.0,False,8,,,0.46196217468379414,0.42812603808998373,0.719646913699316,2.056274064771914,0.45277392651179416,0.9353698712763818,2.6191261940363697,0.5598194526281498,0.9677007963848111,2.4342275006749623,0.5829500828395532
final_path,parkinsons,uniform_iid_nested,direct,20000617,0.25,8,3,0.003,0.001,,,0.0729,0.017528744746800908,0.000729,500,2000,0.4657469172834494,0.3417604910204791,0.32340192794799805,1.0,5,"frequency,jitter,shimmer,noise_tone,nonlinear",20001394.0,949c5a75411ee148,0.0,0.0,False,8,,,0.4583881142762697,0.38298686649724223,0.6809750947415406,1.7247433125113458,0.3913904505174215,0.7030940309815434,1.8289599412135935,0.46026176424493603,0.7786889970151837,1.6805828126127575,0.5232140217333663
final_path,parkinsons,uniform_iid_nested,direct,20000618,0.25,8,3,0.003,0.001,,,0.0729,0.017528744746800908,0.000729,500,2000,0.45153847910383027,0.18903926205636376,0.3335871696472168,1.0,5,"frequency,jitter,shimmer,noise_tone,nonlinear",20001395.0,ccd0f8218d928b66,0.0,0.0,False,8,,,0.4285946621245736,0.4053646051426048,0.5599129543334486,1.4740124734068913,0.40429226603092283,0.8830725535667565,1.644687552493667,0.6216516548855826,0.469880265781308,1.2823819149132212,0.3501772304588008
final_path,parkinsons,uniform_iid_nested,direct,20000517,0.25,16,4,0.003,0.001,,,0.06561,0.011831902704090612,0.000492075,500,2500,0.47179277966394506,0.2951300988602976,0.5644121170043945,1.0,5,"frequency,jitter,shimmer,noise_tone,nonlinear",20001294.0,674a6542e1f86db4,0.0,0.0,False,16,,,0.459539936407997,0.40505620253404007,0.5180187458452161,1.4219029009513342,0.3940580814867592,0.6102911882754332,1.4031679117145373,0.46847992877390815,0.4958027194706496,1.4572352198380487,0.4004083309064858
final_path,parkinsons,uniform_iid_nested,direct,20000518,0.25,16,4,0.003,0.001,,,0.06561,0.011831902704090612,0.000492075,500,2500,0.48274440358935106,0.24795190348808607,0.5659797191619873,1.0,5,"frequency,jitter,shimmer,noise_tone,nonlinear",20001295.0,1ac60e372c50abdd,0.0,0.0,False,16,,,0.47130707340968336,0.4224567711429356,0.665819178795704,1.7443803970850185,0.440539150002386,0.8219648586800662,2.3394773527543737,0.5508163160792447,0.8969264367188843,2.1774338832528897,0.5652982889955757
final_path,parkinsons,uniform_iid_nested,direct,20000617,0.25,16,4,0.003,0.001,,,0.06561,0.011831902704090612,0.000492075,500,2500,0.4446469919382793,0.2783302868403894,0.5668690204620361,1.0,5,"frequency,jitter,shimmer,noise_tone,nonlinear",20001394.0,1e532172506aedda,0.0,0.0,False,16,,,0.4356343128642634,0.3710485283382679,0.6141510918187737,1.541227701249258,0.3805113902037911,0.6445776555659585,1.7161881688430425,0.45140291183529496,0.7138079154771212,1.4840638222829852,0.5204516309097476
final_path,parkinsons,uniform_iid_nested,direct,20000618,0.25,16,4,0.003,0.001,,,0.06561,0.011831902704090612,0.000492075,500,2500,0.46764249539341524,0.25610569956945645,0.5871801376342773,1.0,5,"frequency,jitter,shimmer,noise_tone,nonlinear",20001395.0,826a1b03c72605c9,0.0,0.0,False,16,,,0.4560365829974266,0.41042993448433496,0.5220188907640062,1.423185072229501,0.39586942962868354,0.8468675192459957,1.589879338888939,0.6081773512163999,0.44350846142185335,1.2584681704416911,0.34611055798435353
final_path,parkinsons,uniform_iid_nested,direct,20000517,0.25,64,5,0.003,0.001,,,0.05904900000000001,0.007099141622454369,0.0002952450000000001,500,3000,0.458343288866237,0.2669922121469959,2.019702672958374,1.0,5,"frequency,jitter,shimmer,noise_tone,nonlinear",20001294.0,444218bea1b6ab58,0.0,0.0,False,64,16.0,in_memory_N16_state,0.4474276138641897,0.3986861276689666,0.4926651512122871,1.3933675061059583,0.39045088527747596,0.6047623891996767,1.3916727593381402,0.46858577715078287,0.47574411378485765,1.426003914380042,0.3985749801538967
final_path,parkinsons,uniform_iid_nested,direct,20000518,0.25,64,5,0.003,0.001,,,0.05904900000000001,0.007099141622454369,0.0002952450000000001,500,3000,0.4994375469488042,0.3173760079952954,2.005157947540283,1.0,5,"frequency,jitter,shimmer,noise_tone,nonlinear",20001295.0,6cff4b82af2866ba,0.0,0.0,False,64,16.0,in_memory_N16_state,0.48900256480047005,0.4260416108462349,0.6371318217576843,1.7291342145275526,0.43301710805102533,0.8412954973546378,2.3360178171836536,0.543118594610647,0.8435669454791483,2.1469768891473624,0.553468475793968
final_path,parkinsons,uniform_iid_nested,direct,20000617,0.25,64,5,0.003,0.001,,,0.05904900000000001,0.007099141622454369,0.0002952450000000001,500,3000,0.4508758031148121,0.4836192788064173,2.006714105606079,1.0,5,"frequency,jitter,shimmer,noise_tone,nonlinear",20001394.0,cec752c084937782,0.0,0.0,False,64,16.0,in_memory_N16_state,0.4455557631622403,0.37819292156525275,0.489485170695724,1.329000217420549,0.3772361388239876,0.5780562296777851,1.625729724646508,0.4510830062736011,0.6636645079668435,1.4842554743256005,0.52911533804462
final_path,parkinsons,uniform_iid_nested,direct,20000618,0.25,64,5,0.003,0.001,,,0.05904900000000001,0.007099141622454369,0.0002952450000000001,500,3000,0.4678250200191402,0.3083165752046567,2.1229870319366455,1.0,5,"frequency,jitter,shimmer,noise_tone,nonlinear",20001395.0,092217ee5b5195df,0.0,0.0,False,64,16.0,in_memory_N16_state,0.4615260397787953,0.3966721004933569,0.5005588763478671,1.376489117073944,0.3922090133869728,0.8290792400618039,1.5527005063340542,0.6029777199004973,0.4292508682303517,1.2454279890039426,0.34850698281475945
final_path,parkinsons,uniform_iid_nested,direct,20000517,0.25,256,6,0.003,0.001,,,0.05314410000000001,0.004791920595156698,0.00019929037500000002,500,3500,0.4558001184541288,0.34608066862397985,8.377228736877441,1.0,5,"frequency,jitter,shimmer,noise_tone,nonlinear",20001294.0,560daf2a7f42cf73,0.0,0.0,False,256,64.0,,0.44852525587587777,0.3933860513807022,0.47154527920121714,1.3486245282383693,0.3871394082310304,0.5824713995534905,1.3456803923516212,0.463469399574533,0.4534232499768829,1.3887925499522455,0.39425271966951864
final_path,parkinsons,uniform_iid_nested,direct,20000518,0.25,256,6,0.003,0.001,,,0.05314410000000001,0.004791920595156698,0.00019929037500000002,500,3500,0.5317836278454562,0.4390695967643334,8.098093032836914,1.0,5,"frequency,jitter,shimmer,noise_tone,nonlinear",20001295.0,c3e832a2e0ea737d,0.0,0.0,False,256,64.0,,0.5234284044000047,0.4330371698406663,0.5882193133111755,1.5253945530803088,0.42804767785921843,0.7592257704739218,2.1240146225518086,0.533259381139547,0.7734040911430854,1.9284282209456822,0.536657024013744
final_path,parkinsons,uniform_iid_nested,direct,20000617,0.25,256,6,0.003,0.001,,,0.05314410000000001,0.004791920595156698,0.00019929037500000002,500,3500,0.4491437565235527,0.33611124243830093,8.308407068252563,1.0,5,"frequency,jitter,shimmer,noise_tone,nonlinear",20001394.0,0c734889896048ae,0.0,0.0,False,256,64.0,,0.44315434405153925,0.37626020402275595,0.4827579560618683,1.2445073299314524,0.37390603121305493,0.5509530806288606,1.5426057104513364,0.44747556777478725,0.6354726191505109,1.3788729285657375,0.5291953565363239
final_path,parkinsons,uniform_iid_nested,direct,20000618,0.25,256,6,0.003,0.001,,,0.05314410000000001,0.004791920595156698,0.00019929037500000002,500,3500,0.4621695923073342,0.3153422970856022,8.270008087158203,1.0,5,"frequency,jitter,shimmer,noise_tone,nonlinear",20001395.0,d6622789d8b3e327,0.0,0.0,False,256,64.0,,0.45410823535640094,0.39560685233098186,0.4818493283869682,1.314553115172381,0.3896667923988482,0.8031616701476447,1.5004036881427472,0.6013562707754371,0.4284075326433388,1.2116309742522282,0.3510005437880772
final_path,parkinsons,uniform_iid_nested,direct,20000517,0.35,1,0,0.003,0.01,,,0.1,0.07213475204444818,0.003,500,500,0.35961576276873025,0.18852158975417635,0.11280584335327148,1.0,5,"frequency,jitter,shimmer,noise_tone,nonlinear",20001294.0,c076fa24b200a6f5,0.0,0.0,False,1,,,0.33902373669966535,0.33902373669966535,1.659870317543239,3.16729315765302,0.4997759340003132,1.7638789173370262,2.7728217055892292,0.4974546779001947,1.4434459778188813,3.5243028941199213,0.48828390794559157
final_path,parkinsons,uniform_iid_nested,direct,20000518,0.35,1,0,0.003,0.01,,,0.1,0.07213475204444818,0.003,500,500,0.44216103084741476,0.1802442146189423,0.10953998565673828,1.0,5,"frequency,jitter,shimmer,noise_tone,nonlinear",20001295.0,c7ba59558dd68f75,0.0,0.0,False,1,,,0.42466700924920486,0.42466700924920486,1.6214457402833664,3.659790584883773,0.5477514479859078,1.8795678622088392,3.8388266897701175,0.6461319716237061,1.9589822875943215,3.538561585957756,0.6994048558507013
final_path,parkinsons,uniform_iid_nested,direct,20000617,0.35,1,0,0.003,0.01,,,0.1,0.07213475204444818,0.003,500,500,0.39807174872307327,0.20743055436493407,0.1148989200592041,1.0,5,"frequency,jitter,shimmer,noise_tone,nonlinear",20001394.0,0af9fb4f349ef63e,0.0,0.0,False,1,,,0.37834296851679505,0.37834296851679505,1.5501379918232967,3.204256150747392,0.5067468511021883,1.528735782116717,3.027798501861499,0.5202526701479799,1.6334674589239557,3.1364892973421963,0.5720546937781044
final_path,parkinsons,uniform_iid_nested,direct,20000618,0.35,1,0,0.003,0.01,,,0.1,0.07213475204444818,0.003,500,500,0.3574185006056935,0.17566739782436513,0.1113121509552002,1.0,5,"frequency,jitter,shimmer,noise_tone,nonlinear",20001395.0,7f4d55bda5e4292d,0.0,0.0,False,1,,,0.33594844571938354,0.33594844571938354,1.744886086430838,3.5190133594132367,0.5110721645144072,2.2244610052649705,3.3086021542232533,0.7549394430055618,1.3326270828705475,2.7240416787833635,0.35270743807669597
final_path,parkinsons,uniform_iid_nested,direct,20000517,0.35,2,1,0.003,0.01,,,0.09000000000000001,0.06492127684000336,0.0027,500,1000,0.4127566456455023,0.15572678238623608,0.1432180404663086,1.0,5,"frequency,jitter,shimmer,noise_tone,nonlinear",20001294.0,e766dac6d5c48efc,0.0,0.0,False,2,,,0.35764882646157636,0.33979213941566255,1.5408017552858626,3.4953056948366634,0.45133177438991134,1.4532181311350856,2.706700454768219,0.40723185571800635,1.2826424584721519,3.7328070157891786,0.44308387075222694
final_path,parkinsons,uniform_iid_nested,direct,20000518,0.35,2,1,0.003,0.01,,,0.09000000000000001,0.06492127684000336,0.0027,500,1000,0.45787847077179267,0.12205997656749284,0.1414799690246582,1.0,5,"frequency,jitter,shimmer,noise_tone,nonlinear",20001295.0,041981caabb28b90,0.0,0.0,False,2,,,0.39155440981205214,0.39036909032106415,1.884370584381242,4.42055608943937,0.5288813078751188,2.234378902930233,4.847950925378813,0.7048839061852072,2.350001663032691,4.405340903994191,0.748687021776114
final_path,parkinsons,uniform_iid_nested,direct,20000617,0.35,2,1,0.003,0.01,,,0.09000000000000001,0.06492127684000336,0.0027,500,1000,0.395875579832902,0.13421787468539748,0.16534709930419922,1.0,5,"frequency,jitter,shimmer,noise_tone,nonlinear",20001394.0,93a35b6f4c5fc189,0.0,0.0,False,2,,,0.33700530145763996,0.32416569390489497,1.838959769782276,3.9089845413206104,0.4740996596377029,1.806676027375256,3.6661086231936624,0.521360470456573,1.9560541668846656,3.826058929800112,0.5640103906078147
final_path,parkinsons,uniform_iid_nested,direct,20000618,0.35,2,1,0.003,0.01,,,0.09000000000000001,0.06492127684000336,0.0027,500,1000,0.480797683790155,0.19175632598846276,0.14246773719787598,1.0,5,"frequency,jitter,shimmer,noise_tone,nonlinear",20001395.0,5de52aa7bc4cb145,0.0,0.0,False,2,,,0.41826871483830225,0.41276800743199205,0.8078591409621164,1.5803987331962979,0.4548862278279601,1.0834820688147329,1.6591823358777038,0.7000468447340533,0.6979053486165904,1.3665980293975415,0.38782538991998705
final_path,parkinsons,uniform_iid_nested,direct,20000517,0.35,4,2,0.003,0.01,,,0.08100000000000002,0.029214574578001515,0.0012150000000000002,500,1500,0.47653196546825566,0.19180497272006117,0.20430803298950195,1.0,5,"frequency,jitter,shimmer,noise_tone,nonlinear",20001294.0,78cedbeea7c7148e,0.0,0.0,False,4,,,0.4334126579784777,0.40261515203059217,0.8851327649083507,2.48746445633622,0.42982238260917793,0.89300270767856,1.993573341822114,0.44561143054536057,0.7577740792178823,2.8385566243849434,0.410955380476457
final_path,parkinsons,uniform_iid_nested,direct,20000518,0.35,4,2,0.003,0.01,,,0.08100000000000002,0.029214574578001515,0.0012150000000000002,500,1500,0.5123590148761553,0.22576719495420408,0.2048020362854004,1.0,5,"frequency,jitter,shimmer,noise_tone,nonlinear",20001295.0,95946c9a1829c0ac,0.0,0.0,False,4,,,0.4546169552435626,0.4487316589244134,0.9404072324549625,2.4281783617383645,0.4840241470568716,1.1426596071240214,3.061415899144687,0.6177930044477298,1.2540604231520145,2.7774005861966016,0.6440571753038132
final_path,parkinsons,uniform_iid_nested,direct,20000617,0.35,4,2,0.003,0.01,,,0.08100000000000002,0.029214574578001515,0.0012150000000000002,500,1500,0.4576142919239316,0.20250157478260897,0.21182680130004883,1.0,5,"frequency,jitter,shimmer,noise_tone,nonlinear",20001394.0,88829f2e5f625759,0.0,0.0,False,4,,,0.4163023982817383,0.37150497408579564,1.0692086862566739,2.629046997974798,0.4377617017308714,1.0467591991755734,2.4217515720705607,0.49866373072502096,1.1442028232607098,2.5158272805697868,0.5443312258859346
final_path,parkinsons,uniform_iid_nested,direct,20000618,0.35,4,2,0.003,0.01,,,0.08100000000000002,0.029214574578001515,0.0012150000000000002,500,1500,0.4923796575216831,0.19431628790161692,0.20333480834960938,1.0,5,"frequency,jitter,shimmer,noise_tone,nonlinear",20001395.0,0f68d09ff6706a2b,0.0,0.0,False,4,,,0.43691566005258053,0.42083655079950744,0.7149768569316552,1.868990444692592,0.4352534479207762,1.1453396627425283,2.019793748930282,0.6623352541780227,0.5924940979893623,1.5680696770071667,0.374115413077177
final_path,parkinsons,uniform_iid_nested,direct,20000517,0.35,8,3,0.003,0.01,,,0.0729,0.017528744746800908,0.000729,500,2000,0.5275761711128173,0.3793868073276393,0.3277246952056885,1.0,5,"frequency,jitter,shimmer,noise_tone,nonlinear",20001294.0,adc8c48b0527f23d,0.0,0.0,False,8,,,0.4943317020682062,0.4233111898327404,0.7329447132309298,1.603686527071931,0.4215610865239025,0.826568565311316,1.6625185521316854,0.5010777242863601,0.7314504854432947,1.625307259485216,0.4293599734162688
final_path,parkinsons,uniform_iid_nested,direct,20000518,0.35,8,3,0.003,0.01,,,0.0729,0.017528744746800908,0.000729,500,2000,0.5148736108195504,0.20472544585757305,0.32450008392333984,1.0,5,"frequency,jitter,shimmer,noise_tone,nonlinear",20001295.0,754f3aa0203a3cce,0.0,0.0,False,8,,,0.4780704497796955,0.43708675468639635,0.8963900332233254,2.4761317256463955,0.4705268520048779,1.1346500843210594,3.0290787222867745,0.5684292868954809,1.1777016524811241,2.834230375589125,0.5972110588283056
final_path,parkinsons,uniform_iid_nested,direct,20000617,0.35,8,3,0.003,0.01,,,0.0729,0.017528744746800908,0.000729,500,2000,0.5203053314725195,0.4343940148628897,0.33512187004089355,1.0,5,"frequency,jitter,shimmer,noise_tone,nonlinear",20001394.0,e4a3f9a5f9416b2a,0.0,0.0,False,8,,,0.49500595898770805,0.39842899147854227,0.8122109231029035,1.8657729902444367,0.4083994292920752,0.8253654615879945,1.9089923142549614,0.4708512677715649,0.8870780736224168,1.7747767457741115,0.5374718752566393
final_path,parkinsons,uniform_iid_nested,direct,20000618,0.35,8,3,0.003,0.01,,,0.0729,0.017528744746800908,0.000729,500,2000,0.4911352679875152,0.20488494346414654,0.3235011100769043,1.0,5,"frequency,jitter,shimmer,noise_tone,nonlinear",20001395.0,6b0851d8fbc6a2a5,0.0,0.0,False,8,,,0.44874482484220624,0.42006843895700785,0.6681337764454962,1.632280820916213,0.41704873705215206,0.9643236121539712,1.7593684181504166,0.6315805471831162,0.5628694019051856,1.3774820133589123,0.35835475085681856
final_path,parkinsons,uniform_iid_nested,direct,20000517,0.35,16,4,0.003,0.01,,,0.06561,0.011831902704090612,0.000492075,500,2500,0.5108274254470329,0.34432255141643564,0.5827922821044922,1.0,5,"frequency,jitter,shimmer,noise_tone,nonlinear",20001294.0,0b1413badbb15249,0.0,0.0,False,16,,,0.4786620183695904,0.42915273686512584,0.5643786511950131,1.5506837389060457,0.4162290272284745,0.7342796558267006,1.5797658068247222,0.5035568856677219,0.5482869815807293,1.6369051144236937,0.42311784994453167
final_path,parkinsons,uniform_iid_nested,direct,20000518,0.35,16,4,0.003,0.01,,,0.06561,0.011831902704090612,0.000492075,500,2500,0.5253855060018672,0.323812460526589,0.5665938854217529,1.0,5,"frequency,jitter,shimmer,noise_tone,nonlinear",20001295.0,5ac236d2451d426a,0.0,0.0,False,16,,,0.4960416442195663,0.4346028909333138,0.7802882538547748,1.9348690321337385,0.45685634433529326,0.922548424544448,2.518890487658532,0.555255961472863,1.008658707440592,2.3389471175352647,0.5744029792865456
final_path,parkinsons,uniform_iid_nested,direct,20000617,0.35,16,4,0.003,0.01,,,0.06561,0.011831902704090612,0.000492075,500,2500,0.48821448951334157,0.33260297075770123,0.6111030578613281,1.0,5,"frequency,jitter,shimmer,noise_tone,nonlinear",20001394.0,beb4a9057ababe3e,0.0,0.0,False,16,,,0.4620784945824622,0.3878704182423157,0.6713492692734885,1.5338842699269952,0.3990349437787782,0.695757268093731,1.6532962918389076,0.4626474041188215,0.7516759557488049,1.449655959916409,0.5367100178302747
final_path,parkinsons,uniform_iid_nested,direct,20000618,0.35,16,4,0.003,0.01,,,0.06561,0.011831902704090612,0.000492075,500,2500,0.5134599180897671,0.3435062600466524,0.5676369667053223,1.0,5,"frequency,jitter,shimmer,noise_tone,nonlinear",20001395.0,4776221eab65a310,0.0,0.0,False,16,,,0.48359461618579164,0.42795757138063784,0.5641141983503055,1.5401416975630848,0.4095998222844173,0.9071656303948633,1.6508112295663193,0.6153097289992053,0.4860007692730675,1.3230055409628514,0.3569561055432203
final_path,parkinsons,uniform_iid_nested,direct,20000517,0.35,64,5,0.003,0.01,,,0.05904900000000001,0.007099141622454369,0.0002952450000000001,500,3000,0.4937378753262462,0.3304673774470746,2.0492968559265137,1.0,5,"frequency,jitter,shimmer,noise_tone,nonlinear",20001294.0,67b20d1078c8594c,0.0,0.0,False,64,16.0,in_memory_N16_state,0.46244146547313353,0.4186647446969286,0.5108436566984745,1.4292030818236772,0.40905272004644627,0.6595936978886241,1.4140925559822777,0.49262087911105673,0.49842851357261486,1.5606977511835802,0.4142880004513302
final_path,parkinsons,uniform_iid_nested,direct,20000518,0.35,64,5,0.003,0.01,,,0.05904900000000001,0.007099141622454369,0.0002952450000000001,500,3000,0.5454374703807027,0.3811383512258604,1.99741792678833,1.0,5,"frequency,jitter,shimmer,noise_tone,nonlinear",20001295.0,016afec1e0587464,0.0,0.0,False,64,16.0,in_memory_N16_state,0.5207535725934207,0.44094276838044044,0.716104407026066,1.858588420945651,0.4484419028876427,0.9204399084407013,2.48054433936301,0.5485113335250924,0.9172457724229846,2.233765258423764,0.5603390996211874
final_path,parkinsons,uniform_iid_nested,direct,20000617,0.35,64,5,0.003,0.01,,,0.05904900000000001,0.007099141622454369,0.0002952450000000001,500,3000,0.48618751457746506,0.3237784266541297,2.118043899536133,1.0,5,"frequency,jitter,shimmer,noise_tone,nonlinear",20001394.0,1d54e7d1e99b6fce,0.0,0.0,False,64,16.0,in_memory_N16_state,0.45965445118548054,0.4011299709730295,0.5373410444029403,1.352071044228517,0.39865064936571837,0.6297737516700136,1.6272558241226875,0.46401492787201504,0.7196131696504477,1.557219385295901,0.5482284367763344
final_path,parkinsons,uniform_iid_nested,direct,20000618,0.35,64,5,0.003,0.01,,,0.05904900000000001,0.007099141622454369,0.0002952450000000001,500,3000,0.5061201818972185,0.4073694346679182,2.0094690322875977,1.0,5,"frequency,jitter,shimmer,noise_tone,nonlinear",20001395.0,26745432cc6d0839,0.0,0.0,False,64,16.0,in_memory_N16_state,0.4823564005626253,0.4133219879835173,0.5222203626833193,1.4408259607769145,0.4073038221810192,0.8630758399192832,1.560708217677012,0.6107159489034703,0.45572470932107034,1.2682230513827315,0.3626036793285339
final_path,parkinsons,uniform_iid_nested,direct,20000517,0.35,256,6,0.003,0.01,,,0.05314410000000001,0.004791920595156698,0.00019929037500000002,500,3500,0.4836732231011168,0.3954015128716947,8.108963251113892,1.0,5,"frequency,jitter,shimmer,noise_tone,nonlinear",20001294.0,fe85f259c0fd68b0,0.0,0.0,False,256,64.0,,0.4579761473826665,0.41182076156507974,0.47981156784733153,1.3365866349104651,0.40488416555120804,0.604846866962919,1.3065131826621956,0.48401909733018594,0.46185545183022475,1.5021151418347427,0.40820584292045886
final_path,parkinsons,uniform_iid_nested,direct,20000518,0.35,256,6,0.003,0.01,,,0.05314410000000001,0.004791920595156698,0.00019929037500000002,500,3500,0.5786863430429816,0.5627369155857977,8.14390516281128,1.0,5,"frequency,jitter,shimmer,noise_tone,nonlinear",20001295.0,0835f6a243e4cc16,0.0,0.0,False,256,64.0,,0.5555790212598807,0.45108314940381844,0.6327229511938465,1.528374414220947,0.4446537847062904,0.779675076543919,2.1364177528065054,0.5336869307038409,0.7914822962118844,1.8798645895569284,0.5380359277356515
final_path,parkinsons,uniform_iid_nested,direct,20000617,0.35,256,6,0.003,0.01,,,0.05314410000000001,0.004791920595156698,0.00019929037500000002,500,3500,0.48355967022097956,0.37057912484820743,8.342290163040161,1.0,5,"frequency,jitter,shimmer,noise_tone,nonlinear",20001394.0,9de380655078aaef,0.0,0.0,False,256,64.0,,0.4599985807197208,0.3994616712138011,0.5014963828024722,1.212670369817315,0.39682677661533156,0.5764768504424391,1.472371114276739,0.4600371853846156,0.6635937995962462,1.3741592446422193,0.5485831918211589
final_path,parkinsons,uniform_iid_nested,direct,20000618,0.35,256,6,0.003,0.01,,,0.05314410000000001,0.004791920595156698,0.00019929037500000002,500,3500,0.4950129296221637,0.3826121498357729,8.16044807434082,1.0,5,"frequency,jitter,shimmer,noise_tone,nonlinear",20001395.0,a4690a8fc66f0f19,0.0,0.0,False,256,64.0,,0.46994734797729437,0.41284598460540156,0.4918602933707279,1.3342435273869275,0.4059005158333722,0.8162197172500751,1.4669231698484249,0.610286041826294,0.45221936889269776,1.197283805181552,0.36709470739295547
erm_clean_path,parkinsons,clean,erm,20000517,0.15,1,0,0.005,0.0,,,0.1,0.07213475204444818,0.005,500,500,0.41146936363165,0.19908163412700966,0.1000831127166748,1.0,5,"frequency,jitter,shimmer,noise_tone,nonlinear",,clean,0.0,0.0,False,1,,,,,0.597266436936815,1.4624560180443789,0.41127129511075666,0.6044284122342731,1.3147970980422918,0.42091222509065324,0.5428883314193736,1.6697717635343792,0.4104019324955405
erm_clean_path,parkinsons,clean,erm,20000518,0.15,1,0,0.005,0.0,,,0.1,0.07213475204444818,0.005,500,500,0.43802162143289847,0.1910125397668241,0.07576704025268555,1.0,5,"frequency,jitter,shimmer,noise_tone,nonlinear",,clean,0.0,0.0,False,1,,,,,0.5623381697372215,1.3259141042380402,0.43783927039516524,0.7483501076132927,1.900859770359503,0.5857188616594645,0.7433263671668118,1.55591514245048,0.56141410813672
erm_clean_path,parkinsons,clean,erm,20000617,0.15,1,0,0.005,0.0,,,0.1,0.07213475204444818,0.005,500,500,0.4062286867767412,0.209035682579619,0.0777442455291748,1.0,5,"frequency,jitter,shimmer,noise_tone,nonlinear",,clean,0.0,0.0,False,1,,,,,0.5621090987235343,1.3878736259872335,0.4060103034863531,0.5707851636264759,1.3858726175209215,0.4307737504625356,0.6137691087325373,1.2247619848620057,0.48758469761434026
erm_clean_path,parkinsons,clean,erm,20000618,0.15,1,0,0.005,0.0,,,0.1,0.07213475204444818,0.005,500,500,0.41847277091363355,0.19691150116188394,0.07834291458129883,1.0,5,"frequency,jitter,shimmer,noise_tone,nonlinear",,clean,0.0,0.0,False,1,,,,,0.5972565632068567,1.4818943044360229,0.4182789875272847,0.8185517439675345,1.392165000778158,0.5922655282343529,0.44037729955191063,1.2175294409248874,0.33733654754872594
erm_clean_path,parkinsons,clean,erm,20000517,0.15,2,1,0.005,0.0,,,0.09000000000000001,0.06492127684000336,0.005,500,1000,0.3453308027156521,0.132848509547983,0.18462586402893066,1.0,5,"frequency,jitter,shimmer,noise_tone,nonlinear",,clean,0.0,0.0,False,2,1.0,,,,0.5528774062831332,1.695163335408609,0.3452425883980342,0.5878025857068578,1.6711533473253812,0.3842765213625844,0.5275232455755533,1.7986436593152366,0.3854295298372854
erm_clean_path,parkinsons,clean,erm,20000518,0.15,2,1,0.005,0.0,,,0.09000000000000001,0.06492127684000336,0.005,500,1000,0.3739139428578743,0.1343496751138977,0.15935015678405762,1.0,5,"frequency,jitter,shimmer,noise_tone,nonlinear",,clean,0.0,0.0,False,2,1.0,,,,0.5122986806826156,1.3802519938348474,0.37382372018238635,0.7680111585982142,2.0672475326481656,0.5647224272346265,0.733885070912946,1.7900664007679836,0.5186932070797237
erm_clean_path,parkinsons,clean,erm,20000617,0.15,2,1,0.005,0.0,,,0.09000000000000001,0.06492127684000336,0.005,500,1000,0.33057025036260135,0.14460857640969624,0.16016101837158203,1.0,5,"frequency,jitter,shimmer,noise_tone,nonlinear",,clean,0.0,0.0,False,2,1.0,,,,0.4824194866475008,1.4438611677848456,0.33046572441860367,0.5343959635697652,1.6779972768895592,0.40697694438950704,0.5866133932812749,1.6297320728078961,0.47692735504534933
erm_clean_path,parkinsons,clean,erm,20000618,0.15,2,1,0.005,0.0,,,0.09000000000000001,0.06492127684000336,0.005,500,1000,0.35172598596861804,0.13540634105586613,0.16056299209594727,1.0,5,"frequency,jitter,shimmer,noise_tone,nonlinear",,clean,0.0,0.0,False,2,1.0,,,,0.5591331721644264,1.6205679366748693,0.35163434036904506,0.8298872769387788,1.7040710947746005,0.545899813162787,0.4188570619446962,1.6259462654665948,0.315657760876203
erm_clean_path,parkinsons,clean,erm,20000517,0.15,4,2,0.005,0.0,,,0.08100000000000002,0.029214574578001515,0.005,500,1500,0.3121951707734837,0.09976602531205657,0.2679779529571533,1.0,5,"frequency,jitter,shimmer,noise_tone,nonlinear",,clean,0.0,0.0,False,4,2.0,,,,0.5227663861756021,1.8511600147282712,0.3121454168249735,0.5739142079935725,1.9440657345710652,0.36860422439970947,0.5186840556811574,1.9689283435113354,0.37873614915412995
erm_clean_path,parkinsons,clean,erm,20000518,0.15,4,2,0.005,0.0,,,0.08100000000000002,0.029214574578001515,0.005,500,1500,0.3389665588274828,0.10413372412351538,0.2407371997833252,1.0,5,"frequency,jitter,shimmer,noise_tone,nonlinear",,clean,0.0,0.0,False,4,2.0,,,,0.4877171680426767,1.4888628701416666,0.3389123517006368,0.8032937924790793,2.2386733060190354,0.5676120773389646,0.7401506754912851,1.9743034934907004,0.50507039279568
erm_clean_path,parkinsons,clean,erm,20000617,0.15,4,2,0.005,0.0,,,0.08100000000000002,0.029214574578001515,0.005,500,1500,0.29056036797050266,0.11074736517389022,0.2423412799835205,1.0,5,"frequency,jitter,shimmer,noise_tone,nonlinear",,clean,0.0,0.0,False,4,2.0,,,,0.42737781749925746,1.4863049950597775,0.29049905725894276,0.5166411865512591,1.9192572875867915,0.4087320157285694,0.5762871862990304,1.8927190433295558,0.4865919138595159
erm_clean_path,parkinsons,clean,erm,20000618,0.15,4,2,0.005,0.0,,,0.08100000000000002,0.029214574578001515,0.005,500,1500,0.31684730975490355,0.10299156663501939,0.24333786964416504,1.0,5,"frequency,jitter,shimmer,noise_tone,nonlinear",,clean,0.0,0.0,False,4,2.0,,,,0.5397776792394189,1.7921805678106664,0.31679428614855115,0.8614330962976015,2.0042238612011842,0.5349604167813587,0.4125144582247292,1.9286470192304794,0.3107204515734522
erm_clean_path,parkinsons,clean,erm,20000517,0.15,8,3,0.005,0.0,,,0.0729,0.017528744746800908,0.005,500,2000,0.29224611009275536,0.07999386412804353,0.35016512870788574,1.0,5,"frequency,jitter,shimmer,noise_tone,nonlinear",,clean,0.0,0.0,False,8,4.0,,,,0.4996069334141803,1.9561130046855633,0.29221412130697266,0.5608304596526392,2.152349630819985,0.36087929836878924,0.5131273596421336,2.1277238247846797,0.3783416390549372
erm_clean_path,parkinsons,clean,erm,20000518,0.15,8,3,0.005,0.0,,,0.0729,0.017528744746800908,0.005,500,2000,0.3167481927821163,0.08539302031637298,0.32161521911621094,1.0,5,"frequency,jitter,shimmer,noise_tone,nonlinear",,clean,0.0,0.0,False,8,4.0,,,,0.4726051451942938,1.58735972941471,0.31671173943020614,0.8408351937961267,2.405605660849172,0.5808162672838434,0.7592863090418069,2.13031978405035,0.5037404604023781
erm_clean_path,parkinsons,clean,erm,20000617,0.15,8,3,0.005,0.0,,,0.0729,0.017528744746800908,0.005,500,2000,0.2656123494957908,0.09017925553639765,0.32474803924560547,1.0,5,"frequency,jitter,shimmer,noise_tone,nonlinear",,clean,0.0,0.0,False,8,4.0,,,,0.387297693310209,1.4974534217391906,0.265571695442973,0.5086768462770994,2.112476204770311,0.4183837607053172,0.5734201552672783,2.0704952029092802,0.5005889936619828
erm_clean_path,parkinsons,clean,erm,20000618,0.15,8,3,0.005,0.0,,,0.0729,0.017528744746800908,0.005,500,2000,0.29545418664224266,0.08306432726555514,0.32558107376098633,1.0,5,"frequency,jitter,shimmer,noise_tone,nonlinear",,clean,0.0,0.0,False,8,4.0,,,,0.5283475204555818,1.9351884828072619,0.29541969490707626,0.8978193260633325,2.2537284260910933,0.5370045257487569,0.41989443486678535,2.1552508058341284,0.3105733071659323
erm_clean_path,parkinsons,clean,erm,20000517,0.15,16,4,0.005,0.0,,,0.06561,0.011831902704090612,0.005,500,2500,0.2788713852559559,0.06689555258960378,0.4320249557495117,1.0,5,"frequency,jitter,shimmer,noise_tone,nonlinear",,clean,0.0,0.0,False,16,8.0,,,,0.4801466501739275,2.028137362065285,0.2788490138159305,0.5482294606232364,2.311527939530733,0.3569533580282711,0.508921398568233,2.293112932607897,0.3804490273515029
erm_clean_path,parkinsons,clean,erm,20000518,0.15,16,4,0.005,0.0,,,0.06561,0.011831902704090612,0.005,500,2500,0.3012563118604058,0.07258951953751898,0.4062211513519287,1.0,5,"frequency,jitter,shimmer,noise_tone,nonlinear",,clean,0.0,0.0,False,16,8.0,,,,0.46304159410233736,1.6822604919445758,0.30122996958593085,0.8780725253686346,2.5991726199143703,0.5981197017449108,0.779495911905173,2.266524322075907,0.5080449448146221
erm_clean_path,parkinsons,clean,erm,20000617,0.15,16,4,0.005,0.0,,,0.06561,0.011831902704090612,0.005,500,2500,0.24839763054329622,0.07640983686225981,0.4060361385345459,1.0,5,"frequency,jitter,shimmer,noise_tone,nonlinear",,clean,0.0,0.0,False,16,8.0,,,,0.35604314935341486,1.4928752483368601,0.24836844261526378,0.5043480331047555,2.2586188277261527,0.4303537955614834,0.5726274375006964,2.188388818356703,0.515145963552671
erm_clean_path,parkinsons,clean,erm,20000618,0.15,16,4,0.005,0.0,,,0.06561,0.011831902704090612,0.005,500,2500,0.28100064473669906,0.06958944997877888,0.40770411491394043,1.0,5,"frequency,jitter,shimmer,noise_tone,nonlinear",,clean,0.0,0.0,False,16,8.0,,,,0.5215016061299264,2.0570602548460775,0.28097643520499815,0.9348318238646686,2.464451002023623,0.5441619369276494,0.4446835560791135,2.3357714739862354,0.3121884099563049
erm_clean_path,parkinsons,clean,erm,20000517,0.15,64,5,0.005,0.0,,,0.05904900000000001,0.007099141622454369,0.005,500,3000,0.2692384808657403,0.057618185022120405,0.513920783996582,1.0,5,"frequency,jitter,shimmer,noise_tone,nonlinear",,clean,0.0,0.0,False,64,16.0,,,,0.46290935494389296,2.0791374154342654,0.2692218838684781,0.5363746938091096,2.4346528191270225,0.35502408363889404,0.5058597592664026,2.4270733966792037,0.3836056229810914
erm_clean_path,parkinsons,clean,erm,20000518,0.15,64,5,0.005,0.0,,,0.05904900000000001,0.007099141622454369,0.005,500,3000,0.28978097095126676,0.06324215731190203,0.4909541606903076,1.0,5,"frequency,jitter,shimmer,noise_tone,nonlinear",,clean,0.0,0.0,False,64,16.0,,,,0.45691039391693417,1.7748494315862093,0.2897609756598636,0.9138514993250648,2.7759565100056554,0.6168733721407379,0.7995274112605706,2.389789505572611,0.5151066375809289
erm_clean_path,parkinsons,clean,erm,20000617,0.15,64,5,0.005,0.0,,,0.05904900000000001,0.007099141622454369,0.005,500,3000,0.23569090821357472,0.06655724428276137,0.48766517639160156,1.0,5,"frequency,jitter,shimmer,noise_tone,nonlinear",,clean,0.0,0.0,False,64,16.0,,,,0.33033391598422807,1.4768988854417575,0.23566876169075895,0.501478897279316,2.3670196808747104,0.44261540259403287,0.5761706627831553,2.2681698929878076,0.5291892243763264
erm_clean_path,parkinsons,clean,erm,20000618,0.15,64,5,0.005,0.0,,,0.05904900000000001,0.007099141622454369,0.005,500,3000,0.2705810572301982,0.05988626398958895,0.4898030757904053,1.0,5,"frequency,jitter,shimmer,noise_tone,nonlinear",,clean,0.0,0.0,False,64,16.0,,,,0.5174447458698915,2.1582813569467825,0.2705631279033869,0.9707789429948542,2.64519326261711,0.5533243018907463,0.46595600731883613,2.486069033077711,0.3145110714962213
erm_clean_path,parkinsons,clean,erm,20000517,0.15,256,6,0.005,0.0,,,0.05314410000000001,0.004791920595156698,0.005,500,3500,0.2619338586822295,0.05072848508749582,0.5955920219421387,1.0,5,"frequency,jitter,shimmer,noise_tone,nonlinear",,clean,0.0,0.0,False,256,64.0,,,,0.44797434724114127,2.1156764315065337,0.2619209933066406,0.525921314369494,2.531029916439631,0.35420312440277446,0.5027118700769585,2.5346509648725566,0.3871881943393507
erm_clean_path,parkinsons,clean,erm,20000518,0.15,256,6,0.005,0.0,,,0.05314410000000001,0.004791920595156698,0.005,500,3500,0.2809137414610249,0.05608515418672005,0.5744960308074951,1.0,5,"frequency,jitter,shimmer,noise_tone,nonlinear",,clean,0.0,0.0,False,256,64.0,,,,0.45299664179609184,1.8615012727311822,0.2808980155125511,0.9477349216548503,2.9427843444781736,0.6358710084341285,0.8188437548786262,2.5064894472455492,0.5235307779123333
erm_clean_path,parkinsons,clean,erm,20000617,0.15,256,6,0.005,0.0,,,0.05314410000000001,0.004791920595156698,0.005,500,3500,0.2258513617962183,0.05916397905759388,0.5696163177490234,1.0,5,"frequency,jitter,shimmer,noise_tone,nonlinear",,clean,0.0,0.0,False,256,64.0,,,,0.3095636020580945,1.4555191752521266,0.22583386182727977,0.5029003399117166,2.4551453032812116,0.4544025116714705,0.5919879483639421,2.3261488200985654,0.5424192841506654
erm_clean_path,parkinsons,clean,erm,20000618,0.15,256,6,0.005,0.0,,,0.05314410000000001,0.004791920595156698,0.005,500,3500,0.26270864361683444,0.052581094082998964,0.5716018676757812,1.0,5,"frequency,jitter,shimmer,noise_tone,nonlinear",,clean,0.0,0.0,False,256,64.0,,,,0.5151427124499675,2.2442689618491602,0.2626948214410648,1.005009592497818,2.806802730171103,0.5631434366310818,0.48447415783200554,2.6151180712906275,0.3171209106626841
erm_clean_path,parkinsons,clean,erm,20000517,0.25,1,0,0.005,0.0,,,0.1,0.07213475204444818,0.005,500,500,0.41146936363165,0.19908163412700966,0.1000831127166748,1.0,5,"frequency,jitter,shimmer,noise_tone,nonlinear",,clean,0.0,0.0,False,1,,,,,0.7909397541927536,1.872970965923277,0.41127129511075666,0.8038690649650169,1.7022361027211002,0.42091222509065324,0.6953810419460905,2.032145230473008,0.4104019324955405
erm_clean_path,parkinsons,clean,erm,20000518,0.25,1,0,0.005,0.0,,,0.1,0.07213475204444818,0.005,500,500,0.43802162143289847,0.1910125397668241,0.07576704025268555,1.0,5,"frequency,jitter,shimmer,noise_tone,nonlinear",,clean,0.0,0.0,False,1,,,,,0.683763641016225,1.5581815471793172,0.43783927039516524,0.8888318929898675,2.104970439629911,0.5857188616594645,0.8963856220795432,1.833349425754458,0.56141410813672
erm_clean_path,parkinsons,clean,erm,20000617,0.25,1,0,0.005,0.0,,,0.1,0.07213475204444818,0.005,500,500,0.4062286867767412,0.209035682579619,0.0777442455291748,1.0,5,"frequency,jitter,shimmer,noise_tone,nonlinear",,clean,0.0,0.0,False,1,,,,,0.7188954705316913,1.7287594846735275,0.4060103034863531,0.7213927395645064,1.7101708040714867,0.4307737504625356,0.7456005162102426,1.5228419937974407,0.48758469761434026
erm_clean_path,parkinsons,clean,erm,20000618,0.25,1,0,0.005,0.0,,,0.1,0.07213475204444818,0.005,500,500,0.41847277091363355,0.19691150116188394,0.07834291458129883,1.0,5,"frequency,jitter,shimmer,noise_tone,nonlinear",,clean,0.0,0.0,False,1,,,,,0.7813229790572979,1.8464009328358282,0.4182789875272847,1.0301576602894253,1.7352715844482725,0.5922655282343529,0.5741673153216593,1.551181008075273,0.33733654754872594
erm_clean_path,parkinsons,clean,erm,20000517,0.25,2,1,0.005,0.0,,,0.09000000000000001,0.06492127684000336,0.005,500,1000,0.3453308027156521,0.132848509547983,0.18462586402893066,1.0,5,"frequency,jitter,shimmer,noise_tone,nonlinear",,clean,0.0,0.0,False,2,1.0,,,,0.8044002888130227,2.269975434684865,0.3452425883980342,0.8439432554607015,2.2380992399732405,0.3842765213625844,0.7180151140280628,2.313350676235571,0.3854295298372854
erm_clean_path,parkinsons,clean,erm,20000518,0.25,2,1,0.005,0.0,,,0.09000000000000001,0.06492127684000336,0.005,500,1000,0.3739139428578743,0.1343496751138977,0.15935015678405762,1.0,5,"frequency,jitter,shimmer,noise_tone,nonlinear",,clean,0.0,0.0,False,2,1.0,,,,0.6692767124290665,1.7182436016623697,0.37382372018238635,0.9585771748789377,2.368693485072942,0.5647224272346265,0.925688085201509,2.2052117468213295,0.5186932070797237
erm_clean_path,parkinsons,clean,erm,20000617,0.25,2,1,0.005,0.0,,,0.09000000000000001,0.06492127684000336,0.005,500,1000,0.33057025036260135,0.14460857640969624,0.16016101837158203,1.0,5,"frequency,jitter,shimmer,noise_tone,nonlinear",,clean,0.0,0.0,False,2,1.0,,,,0.6552327279840464,1.8791236732280776,0.33046572441860367,0.692187159945475,2.1115744350036763,0.40697694438950704,0.7244742365567307,2.0267705865983894,0.47692735504534933
erm_clean_path,parkinsons,clean,erm,20000618,0.25,2,1,0.005,0.0,,,0.09000000000000001,0.06492127684000336,0.005,500,1000,0.35172598596861804,0.13540634105586613,0.16056299209594727,1.0,5,"frequency,jitter,shimmer,noise_tone,nonlinear",,clean,0.0,0.0,False,2,1.0,,,,0.8096832860706715,2.12644975439968,0.35163434036904506,1.1274994857736305,2.240143203172198,0.545899813162787,0.5977788160583974,2.145723726283623,0.315657760876203
erm_clean_path,parkinsons,clean,erm,20000517,0.25,4,2,0.005,0.0,,,0.08100000000000002,0.029214574578001515,0.005,500,1500,0.3121951707734837,0.09976602531205657,0.2679779529571533,1.0,5,"frequency,jitter,shimmer,noise_tone,nonlinear",,clean,0.0,0.0,False,4,2.0,,,,0.8037378980848381,2.5299831893194216,0.3121454168249735,0.8586429428931424,2.6274184569034853,0.36860422439970947,0.7249011035433329,2.589716614233465,0.37873614915412995
erm_clean_path,parkinsons,clean,erm,20000518,0.25,4,2,0.005,0.0,,,0.08100000000000002,0.029214574578001515,0.005,500,1500,0.3389665588274828,0.10413372412351538,0.2407371997833252,1.0,5,"frequency,jitter,shimmer,noise_tone,nonlinear",,clean,0.0,0.0,False,4,2.0,,,,0.6772523775475515,1.9188518482987043,0.3389123517006368,1.0375517360018338,2.624328186212819,0.5676120773389646,0.972690642245048,2.4682586767699557,0.50507039279568
erm_clean_path,parkinsons,clean,erm,20000617,0.25,4,2,0.005,0.0,,,0.08100000000000002,0.029214574578001515,0.005,500,1500,0.29056036797050266,0.11074736517389022,0.2423412799835205,1.0,5,"frequency,jitter,shimmer,noise_tone,nonlinear",,clean,0.0,0.0,False,4,2.0,,,,0.5951862863884899,1.9464654752731085,0.29049905725894276,0.662768193153277,2.4297952638041487,0.4087320157285694,0.7055582157788017,2.337983595847871,0.4865919138595159
erm_clean_path,parkinsons,clean,erm,20000618,0.25,4,2,0.005,0.0,,,0.08100000000000002,0.029214574578001515,0.005,500,1500,0.31684730975490355,0.10299156663501939,0.24333786964416504,1.0,5,"frequency,jitter,shimmer,noise_tone,nonlinear",,clean,0.0,0.0,False,4,2.0,,,,0.8402928922876108,2.417712646553762,0.31679428614855115,1.2281970028420242,2.678829308521685,0.5349604167813587,0.6271555999715342,2.581582733779217,0.3107204515734522
erm_clean_path,parkinsons,clean,erm,20000517,0.25,8,3,0.005,0.0,,,0.0729,0.017528744746800908,0.005,500,2000,0.29224611009275536,0.07999386412804353,0.35016512870788574,1.0,5,"frequency,jitter,shimmer,noise_tone,nonlinear",,clean,0.0,0.0,False,8,4.0,,,,0.7952142258444628,2.69479693225532,0.29221412130697266,0.858909177677288,2.913401909080438,0.36087929836878924,0.7249902144421818,2.845885096825947,0.3783416390549372
erm_clean_path,parkinsons,clean,erm,20000518,0.25,8,3,0.005,0.0,,,0.0729,0.017528744746800908,0.005,500,2000,0.3167481927821163,0.08539302031637298,0.32161521911621094,1.0,5,"frequency,jitter,shimmer,noise_tone,nonlinear",,clean,0.0,0.0,False,8,4.0,,,,0.6884441437759734,2.092990378850953,0.31671173943020614,1.1099625519981693,2.8975157349777003,0.5808162672838434,1.0259759692262846,2.6720456805295396,0.5037404604023781
erm_clean_path,parkinsons,clean,erm,20000617,0.25,8,3,0.005,0.0,,,0.0729,0.017528744746800908,0.005,500,2000,0.2656123494957908,0.09017925553639765,0.32474803924560547,1.0,5,"frequency,jitter,shimmer,noise_tone,nonlinear",,clean,0.0,0.0,False,8,4.0,,,,0.5441831861419563,1.970214815546641,0.265571695442973,0.6392709382253271,2.65279121613542,0.4183837607053172,0.691084024105497,2.536914762012853,0.5005889936619828
erm_clean_path,parkinsons,clean,erm,20000618,0.25,8,3,0.005,0.0,,,0.0729,0.017528744746800908,0.005,500,2000,0.29545418664224266,0.08306432726555514,0.32558107376098633,1.0,5,"frequency,jitter,shimmer,noise_tone,nonlinear",,clean,0.0,0.0,False,8,4.0,,,,0.8675842276300865,2.6515679757151394,0.29541969490707626,1.321193118839296,3.053042784018471,0.5370045257487569,0.6540276044117923,2.9089616920837185,0.3105733071659323
erm_clean_path,parkinsons,clean,erm,20000517,0.25,16,4,0.005,0.0,,,0.06561,0.011831902704090612,0.005,500,2500,0.2788713852559559,0.06689555258960378,0.4320249557495117,1.0,5,"frequency,jitter,shimmer,noise_tone,nonlinear",,clean,0.0,0.0,False,16,8.0,,,,0.7811852145000113,2.8041476497515148,0.2788490138159305,0.8500809646885394,3.1246398020351442,0.3569533580282711,0.720873377736469,3.065706957915398,0.3804490273515029
erm_clean_path,parkinsons,clean,erm,20000518,0.25,16,4,0.005,0.0,,,0.06561,0.011831902704090612,0.005,500,2500,0.3012563118604058,0.07258951953751898,0.4062211513519287,1.0,5,"frequency,jitter,shimmer,noise_tone,nonlinear",,clean,0.0,0.0,False,16,8.0,,,,0.701486271248702,2.2547155004682136,0.30122996958593085,1.176746304199695,3.157615085139571,0.5981197017449108,1.0751769843760586,2.853660865505255,0.5080449448146221
erm_clean_path,parkinsons,clean,erm,20000617,0.25,16,4,0.005,0.0,,,0.06561,0.011831902704090612,0.005,500,2500,0.24839763054329622,0.07640983686225981,0.4060361385345459,1.0,5,"frequency,jitter,shimmer,noise_tone,nonlinear",,clean,0.0,0.0,False,16,8.0,,,,0.4992362347962255,1.9593266505542883,0.24836844261526378,0.6180194338230885,2.811220006172084,0.4303537955614834,0.6761719822320568,2.655814757906909,0.515145963552671
erm_clean_path,parkinsons,clean,erm,20000618,0.25,16,4,0.005,0.0,,,0.06561,0.011831902704090612,0.005,500,2500,0.28100064473669906,0.06958944997877888,0.40770411491394043,1.0,5,"frequency,jitter,shimmer,noise_tone,nonlinear",,clean,0.0,0.0,False,16,8.0,,,,0.8927089443036236,2.842460000941142,0.28097643520499815,1.4066379598693115,3.3675600781041752,0.5441619369276494,0.6791804900238649,3.170297757127999,0.3121884099563049
erm_clean_path,parkinsons,clean,erm,20000517,0.25,64,5,0.005,0.0,,,0.05904900000000001,0.007099141622454369,0.005,500,3000,0.2692384808657403,0.057618185022120405,0.513920783996582,1.0,5,"frequency,jitter,shimmer,noise_tone,nonlinear",,clean,0.0,0.0,False,64,16.0,,,,0.7632805463404978,2.879043476302288,0.2692218838684781,0.836905783010113,3.2829390146730293,0.35502408363889404,0.7153239635551193,3.2378042308277983,0.3836056229810914
erm_clean_path,parkinsons,clean,erm,20000518,0.25,64,5,0.005,0.0,,,0.05904900000000001,0.007099141622454369,0.005,500,3000,0.28978097095126676,0.06324215731190203,0.4909541606903076,1.0,5,"frequency,jitter,shimmer,noise_tone,nonlinear",,clean,0.0,0.0,False,64,16.0,,,,0.7154044916561063,2.40450837884377,0.2897609756598636,1.2383497403717527,3.3890047638720247,0.6168733721407379,1.1205001071564082,3.0155428479453903,0.5151066375809289
erm_clean_path,parkinsons,clean,erm,20000617,0.25,64,5,0.005,0.0,,,0.05904900000000001,0.007099141622454369,0.005,500,3000,0.23569090821357472,0.06655724428276137,0.48766517639160156,1.0,5,"frequency,jitter,shimmer,noise_tone,nonlinear",,clean,0.0,0.0,False,64,16.0,,,,0.4585101489207614,1.9244432782057916,0.23566876169075895,0.5976968269628109,2.91849462488877,0.44261540259403287,0.6609139759813528,2.724427695591689,0.5291892243763264
erm_clean_path,parkinsons,clean,erm,20000618,0.25,64,5,0.005,0.0,,,0.05904900000000001,0.007099141622454369,0.005,500,3000,0.2705810572301982,0.05988626398958895,0.4898030757904053,1.0,5,"frequency,jitter,shimmer,noise_tone,nonlinear",,clean,0.0,0.0,False,64,16.0,,,,0.9160796960691577,3.004195474777273,0.2705631279033869,1.4850817576360669,3.633054770188443,0.5533243018907463,0.7027183990410695,3.3879196122564856,0.3145110714962213
erm_clean_path,parkinsons,clean,erm,20000517,0.25,256,6,0.005,0.0,,,0.05314410000000001,0.004791920595156698,0.005,500,3500,0.2619338586822295,0.05072848508749582,0.5955920219421387,1.0,5,"frequency,jitter,shimmer,noise_tone,nonlinear",,clean,0.0,0.0,False,256,64.0,,,,0.7457511786440353,2.92692307603513,0.2619209933066406,0.8223974836495678,3.4030344025703654,0.35420312440277446,0.7080047347398829,3.3707142503511234,0.3871881943393507
erm_clean_path,parkinsons,clean,erm,20000518,0.25,256,6,0.005,0.0,,,0.05314410000000001,0.004791920595156698,0.005,500,3500,0.2809137414610249,0.05608515418672005,0.5744960308074951,1.0,5,"frequency,jitter,shimmer,noise_tone,nonlinear",,clean,0.0,0.0,False,256,64.0,,,,0.7295910194505858,2.5437174832958123,0.2808980155125511,1.295219933712124,3.5962818832138637,0.6358710084341285,1.1622540875776106,3.1689612319048317,0.5235307779123333
erm_clean_path,parkinsons,clean,erm,20000617,0.25,256,6,0.005,0.0,,,0.05314410000000001,0.004791920595156698,0.005,500,3500,0.2258513617962183,0.05916397905759388,0.5696163177490234,1.0,5,"frequency,jitter,shimmer,noise_tone,nonlinear",,clean,0.0,0.0,False,256,64.0,,,,0.4241654481167579,1.885432063163899,0.22583386182727977,0.5801958018313157,3.00253397521804,0.4544025116714705,0.6607426997820123,2.7660398135424615,0.5424192841506654
erm_clean_path,parkinsons,clean,erm,20000618,0.25,256,6,0.005,0.0,,,0.05314410000000001,0.004791920595156698,0.005,500,3500,0.26270864361683444,0.052581094082998964,0.5716018676757812,1.0,5,"frequency,jitter,shimmer,noise_tone,nonlinear",,clean,0.0,0.0,False,256,64.0,,,,0.937885624051346,3.141837175592892,0.2626948214410648,1.5572075034428101,3.861173847850349,0.5631434366310818,0.7246551194325073,3.574512401888339,0.3171209106626841
erm_clean_path,parkinsons,clean,erm,20000517,0.35,1,0,0.005,0.0,,,0.1,0.07213475204444818,0.005,500,500,0.41146936363165,0.19908163412700966,0.1000831127166748,1.0,5,"frequency,jitter,shimmer,noise_tone,nonlinear",,clean,0.0,0.0,False,1,,,,,1.039610546774381,2.3297902643441715,0.41127129511075666,1.066251172671321,2.126920145214907,0.42091222509065324,0.908543145069178,2.415878627747658,0.4104019324955405
erm_clean_path,parkinsons,clean,erm,20000518,0.35,1,0,0.005,0.0,,,0.1,0.07213475204444818,0.005,500,500,0.43802162143289847,0.1910125397668241,0.07576704025268555,1.0,5,"frequency,jitter,shimmer,noise_tone,nonlinear",,clean,0.0,0.0,False,1,,,,,0.8384796179378412,1.8092200803783454,0.43783927039516524,1.0582001022808718,2.315098527634891,0.5857188616594645,1.0744526129260767,2.1427637968967552,0.56141410813672
erm_clean_path,parkinsons,clean,erm,20000617,0.35,1,0,0.005,0.0,,,0.1,0.07213475204444818,0.005,500,500,0.4062286867767412,0.209035682579619,0.0777442455291748,1.0,5,"frequency,jitter,shimmer,noise_tone,nonlinear",,clean,0.0,0.0,False,1,,,,,0.9187733237107933,2.097351725161297,0.4060103034863531,0.9253360392848204,2.0601576624128652,0.4307737504625356,0.9145662982864305,1.8503728964978912,0.48758469761434026
erm_clean_path,parkinsons,clean,erm,20000618,0.35,1,0,0.005,0.0,,,0.1,0.07213475204444818,0.005,500,500,0.41847277091363355,0.19691150116188394,0.07834291458129883,1.0,5,"frequency,jitter,shimmer,noise_tone,nonlinear",,clean,0.0,0.0,False,1,,,,,1.0178483850926263,2.2418059218928357,0.4182789875272847,1.2863743753921715,2.10650986087056,0.5922655282343529,0.7667045902363715,1.9311935902333264,0.33733654754872594
erm_clean_path,parkinsons,clean,erm,20000517,0.35,2,1,0.005,0.0,,,0.09000000000000001,0.06492127684000336,0.005,500,1000,0.3453308027156521,0.132848509547983,0.18462586402893066,1.0,5,"frequency,jitter,shimmer,noise_tone,nonlinear",,clean,0.0,0.0,False,2,1.0,,,,1.146645578218602,2.8982332237623063,0.3452425883980342,1.200428189462746,2.8475521045661645,0.3842765213625844,1.0021556311777984,2.861703995496339,0.3854295298372854
erm_clean_path,parkinsons,clean,erm,20000518,0.35,2,1,0.005,0.0,,,0.09000000000000001,0.06492127684000336,0.005,500,1000,0.3739139428578743,0.1343496751138977,0.15935015678405762,1.0,5,"frequency,jitter,shimmer,noise_tone,nonlinear",,clean,0.0,0.0,False,2,1.0,,,,0.8849191519375418,2.0844122014538615,0.37382372018238635,1.1997428585993155,2.6800010781555104,0.5647224272346265,1.1560455437349582,2.6744907290415942,0.5186932070797237
erm_clean_path,parkinsons,clean,erm,20000617,0.35,2,1,0.005,0.0,,,0.09000000000000001,0.06492127684000336,0.005,500,1000,0.33057025036260135,0.14460857640969624,0.16016101837158203,1.0,5,"frequency,jitter,shimmer,noise_tone,nonlinear",,clean,0.0,0.0,False,2,1.0,,,,0.88903750179702,2.3654790810134645,0.33046572441860367,0.9218895482957624,2.5936342138640365,0.40697694438950704,0.9141599109027005,2.4496620219907106,0.47692735504534933
erm_clean_path,parkinsons,clean,erm,20000618,0.35,2,1,0.005,0.0,,,0.09000000000000001,0.06492127684000336,0.005,500,1000,0.35172598596861804,0.13540634105586613,0.16056299209594727,1.0,5,"frequency,jitter,shimmer,noise_tone,nonlinear",,clean,0.0,0.0,False,2,1.0,,,,1.1529642229583872,2.6862979926143713,0.35163434036904506,1.5015892294109205,2.814104571267091,0.545899813162787,0.8807793919736655,2.7057805866413824,0.315657760876203
erm_clean_path,parkinsons,clean,erm,20000517,0.35,4,2,0.005,0.0,,,0.08100000000000002,0.029214574578001515,0.005,500,1500,0.3121951707734837,0.09976602531205657,0.2679779529571533,1.0,5,"frequency,jitter,shimmer,noise_tone,nonlinear",,clean,0.0,0.0,False,4,2.0,,,,1.1999401347567993,3.2578190284585347,0.3121454168249735,1.2693582154853322,3.3511018606246,0.36860422439970947,1.0432219399551215,3.2596159010317036,0.37873614915412995
erm_clean_path,parkinsons,clean,erm,20000518,0.35,4,2,0.005,0.0,,,0.08100000000000002,0.029214574578001515,0.005,500,1500,0.3389665588274828,0.10413372412351538,0.2407371997833252,1.0,5,"frequency,jitter,shimmer,noise_tone,nonlinear",,clean,0.0,0.0,False,4,2.0,,,,0.9506331521380343,2.384655916217008,0.3389123517006368,1.342610522924857,3.0357309246155553,0.5676120773389646,1.2656384358617934,3.0231874383051944,0.50507039279568
erm_clean_path,parkinsons,clean,erm,20000617,0.35,4,2,0.005,0.0,,,0.08100000000000002,0.029214574578001515,0.005,500,1500,0.29056036797050266,0.11074736517389022,0.2423412799835205,1.0,5,"frequency,jitter,shimmer,noise_tone,nonlinear",,clean,0.0,0.0,False,4,2.0,,,,0.8311651556009052,2.4763063812119497,0.29049905725894276,0.8854203468749138,2.9676170522898992,0.4087320157285694,0.891963862934432,2.8062393986415257,0.4865919138595159
erm_clean_path,parkinsons,clean,erm,20000618,0.35,4,2,0.005,0.0,,,0.08100000000000002,0.029214574578001515,0.005,500,1500,0.31684730975490355,0.10299156663501939,0.24333786964416504,1.0,5,"frequency,jitter,shimmer,noise_tone,nonlinear",,clean,0.0,0.0,False,4,2.0,,,,1.2681343800841245,3.0974474297907015,0.31679428614855115,1.6968849672312356,3.4179943556002783,0.5349604167813587,0.9848660577171763,3.274995782018786,0.3107204515734522
erm_clean_path,parkinsons,clean,erm,20000517,0.35,8,3,0.005,0.0,,,0.0729,0.017528744746800908,0.005,500,2000,0.29224611009275536,0.07999386412804353,0.35016512870788574,1.0,5,"frequency,jitter,shimmer,noise_tone,nonlinear",,clean,0.0,0.0,False,8,4.0,,,,1.222633518971914,3.4926858099511278,0.29221412130697266,1.3006430266377202,3.7114775002970406,0.36087929836878924,1.058672766519933,3.6006969506502875,0.3783416390549372
erm_clean_path,parkinsons,clean,erm,20000518,0.35,8,3,0.005,0.0,,,0.0729,0.017528744746800908,0.005,500,2000,0.3167481927821163,0.08539302031637298,0.32161521911621094,1.0,5,"frequency,jitter,shimmer,noise_tone,nonlinear",,clean,0.0,0.0,False,8,4.0,,,,1.0095134256271743,2.6395009919099355,0.31671173943020614,1.4663128771710359,3.4071668920273335,0.5808162672838434,1.367974101836126,3.2840252705249933,0.5037404604023781
erm_clean_path,parkinsons,clean,erm,20000617,0.35,8,3,0.005,0.0,,,0.0729,0.017528744746800908,0.005,500,2000,0.2656123494957908,0.09017925553639765,0.32474803924560547,1.0,5,"frequency,jitter,shimmer,noise_tone,nonlinear",,clean,0.0,0.0,False,8,4.0,,,,0.7712167510780354,2.511080648238528,0.265571695442973,0.8448686134699455,3.217029564081707,0.4183837607053172,0.8670008815662562,3.023220243501449,0.5005889936619828
erm_clean_path,parkinsons,clean,erm,20000618,0.35,8,3,0.005,0.0,,,0.0729,0.017528744746800908,0.005,500,2000,0.29545418664224266,0.08306432726555514,0.32558107376098633,1.0,5,"frequency,jitter,shimmer,noise_tone,nonlinear",,clean,0.0,0.0,False,8,4.0,,,,1.3625826352583157,3.4245995407218275,0.29541969490707626,1.8662286411662956,3.913367395563937,0.5370045257487569,1.0712693249104,3.702117898832502,0.3105733071659323
erm_clean_path,parkinsons,clean,erm,20000517,0.35,16,4,0.005,0.0,,,0.06561,0.011831902704090612,0.005,500,2500,0.2788713852559559,0.06689555258960378,0.4320249557495117,1.0,5,"frequency,jitter,shimmer,noise_tone,nonlinear",,clean,0.0,0.0,False,16,8.0,,,,1.2249090465247257,3.6492852471576587,0.2788490138159305,1.3073426126772754,3.971761597024855,0.3569533580282711,1.0591320668334414,3.8703861624703877,0.3804490273515029
erm_clean_path,parkinsons,clean,erm,20000518,0.35,16,4,0.005,0.0,,,0.06561,0.011831902704090612,0.005,500,2500,0.3012563118604058,0.07258951953751898,0.4062211513519287,1.0,5,"frequency,jitter,shimmer,noise_tone,nonlinear",,clean,0.0,0.0,False,16,8.0,,,,1.0636343432293835,2.871435956863634,0.30122996958593085,1.576512584347274,3.7308926931776503,0.5981197017449108,1.458926184210384,3.494095221186652,0.5080449448146221
erm_clean_path,parkinsons,clean,erm,20000617,0.35,16,4,0.005,0.0,,,0.06561,0.011831902704090612,0.005,500,2500,0.24839763054329622,0.07640983686225981,0.4060361385345459,1.0,5,"frequency,jitter,shimmer,noise_tone,nonlinear",,clean,0.0,0.0,False,16,8.0,,,,0.7108599783674061,2.496148011049407,0.24836844261526378,0.8023134966924187,3.3849123860857198,0.4303537955614834,0.8358296080248221,3.140719050005703,0.515145963552671
erm_clean_path,parkinsons,clean,erm,20000618,0.35,16,4,0.005,0.0,,,0.06561,0.011831902704090612,0.005,500,2500,0.28100064473669906,0.06958944997877888,0.40770411491394043,1.0,5,"frequency,jitter,shimmer,noise_tone,nonlinear",,clean,0.0,0.0,False,16,8.0,,,,1.443720895177753,3.69073566418176,0.28097643520499815,2.015864208450377,4.320032405189412,0.5441619369276494,1.146361539134991,4.0430243356141755,0.3121884099563049
erm_clean_path,parkinsons,clean,erm,20000517,0.35,64,5,0.005,0.0,,,0.05904900000000001,0.007099141622454369,0.005,500,3000,0.2692384808657403,0.057618185022120405,0.513920783996582,1.0,5,"frequency,jitter,shimmer,noise_tone,nonlinear",,clean,0.0,0.0,False,64,16.0,,,,1.21309681201421,3.750606188103939,0.2692218838684781,1.3015715810880073,4.162758343450719,0.35502408363889404,1.0516911247498326,4.078058232963824,0.3836056229810914
erm_clean_path,parkinsons,clean,erm,20000518,0.35,64,5,0.005,0.0,,,0.05904900000000001,0.007099141622454369,0.005,500,3000,0.28978097095126676,0.06324215731190203,0.4909541606903076,1.0,5,"frequency,jitter,shimmer,noise_tone,nonlinear",,clean,0.0,0.0,False,64,16.0,,,,1.113796727814004,3.081106133820945,0.2897609756598636,1.675979205893721,4.01594354058275,0.6168733721407379,1.5406447266429106,3.6764896178131323,0.5151066375809289
erm_clean_path,parkinsons,clean,erm,20000617,0.35,64,5,0.005,0.0,,,0.05904900000000001,0.007099141622454369,0.005,500,3000,0.23569090821357472,0.06655724428276137,0.48766517639160156,1.0,5,"frequency,jitter,shimmer,noise_tone,nonlinear",,clean,0.0,0.0,False,64,16.0,,,,0.6507873613983461,2.4464402156202767,0.23566876169075895,0.7579467702535106,3.4886895241132376,0.44261540259403287,0.8011338478550204,3.196091305130399,0.5291892243763264
erm_clean_path,parkinsons,clean,erm,20000618,0.35,64,5,0.005,0.0,,,0.05904900000000001,0.007099141622454369,0.005,500,3000,0.2705810572301982,0.05988626398958895,0.4898030757904053,1.0,5,"frequency,jitter,shimmer,noise_tone,nonlinear",,clean,0.0,0.0,False,64,16.0,,,,1.5153078599921594,3.916005877575843,0.2705631279033869,2.1496872822627275,4.662694575466289,0.5533243018907463,1.2132418615611498,4.3267377132205675,0.3145110714962213
erm_clean_path,parkinsons,clean,erm,20000517,0.35,256,6,0.005,0.0,,,0.05314410000000001,0.004791920595156698,0.005,500,3500,0.2619338586822295,0.05072848508749582,0.5955920219421387,1.0,5,"frequency,jitter,shimmer,noise_tone,nonlinear",,clean,0.0,0.0,False,256,64.0,,,,1.198071978120736,3.812059265490648,0.2619209933066406,1.288558900200077,4.304583448608279,0.35420312440277446,1.0406947111387064,4.234123175072578,0.3871881943393507
erm_clean_path,parkinsons,clean,erm,20000518,0.35,256,6,0.005,0.0,,,0.05314410000000001,0.004791920595156698,0.005,500,3500,0.2809137414610249,0.05608515418672005,0.5744960308074951,1.0,5,"frequency,jitter,shimmer,noise_tone,nonlinear",,clean,0.0,0.0,False,256,64.0,,,,1.1604432798306927,3.276729486969405,0.2808980155125511,1.766480291413814,4.269427885431355,0.6358710084341285,1.6146268950198648,3.854571568432039,0.5235307779123333
erm_clean_path,parkinsons,clean,erm,20000617,0.35,256,6,0.005,0.0,,,0.05314410000000001,0.004791920595156698,0.005,500,3500,0.2258513617962183,0.05916397905759388,0.5696163177490234,1.0,5,"frequency,jitter,shimmer,noise_tone,nonlinear",,clean,0.0,0.0,False,256,64.0,,,,0.5981419443677476,2.3857533967442834,0.22583386182727977,0.7184813189500912,3.56679688257384,0.4544025116714705,0.7698409208604935,3.219577517166981,0.5424192841506654
erm_clean_path,parkinsons,clean,erm,20000618,0.35,256,6,0.005,0.0,,,0.05314410000000001,0.004791920595156698,0.005,500,3500,0.26270864361683444,0.052581094082998964,0.5716018676757812,1.0,5,"frequency,jitter,shimmer,noise_tone,nonlinear",,clean,0.0,0.0,False,256,64.0,,,,1.5794914927682846,4.107770104108185,0.2626948214410648,2.27043453428154,4.95721017097237,0.5631434366310818,1.2736496721638058,4.569705720252634,0.3171209106626841
final_path,parkinsons,uniform_iid_nested,majorant,20000517,0.15,1,0,0.012,0.06,1.5,319.1512442568405,0.1,0.07213475204444818,0.012,500,500,0.4440746697322763,0.1842392378967927,0.20653915405273438,1.0,5,"frequency,jitter,shimmer,noise_tone,nonlinear",20001294.0,878a922393571c2f,0.0,0.0,False,1,,,0.33281991285427365,0.33281991285427365,0.7805479905481357,1.8306340319248207,0.41623878599306774,0.9120372185048979,1.709696180165322,0.49320332110564835,0.7113306251056274,2.1769804129114525,0.4303809192948859
final_path,parkinsons,uniform_iid_nested,majorant,20000518,0.15,1,0,0.012,0.06,1.5,354.4477334516857,0.1,0.07213475204444818,0.012,500,500,0.49417855318027687,0.20977641771661062,0.21494698524475098,1.0,5,"frequency,jitter,shimmer,noise_tone,nonlinear",20001295.0,eb373f865a221ab1,0.0,0.0,False,1,,,0.40938038636969837,0.40938038636969837,0.6579501792310751,1.6972229048379213,0.4445960058144807,0.8241662427110158,2.1258141623019675,0.5201079429998534,0.8068751516527504,1.7567235267885386,0.5172599989073343
final_path,parkinsons,uniform_iid_nested,majorant,20000617,0.15,1,0,0.012,0.06,1.5,312.42554371822547,0.1,0.07213475204444818,0.012,500,500,0.47494602241639683,0.174133494981676,0.20634794235229492,1.0,5,"frequency,jitter,shimmer,noise_tone,nonlinear",20001394.0,c7d6f782f291a376,0.0,0.0,False,1,,,0.379981903606478,0.379981903606478,0.6255012528608928,1.6608296022989038,0.404548454191673,0.6193436125534664,1.7912954834557955,0.41397822806383366,0.6489890735331537,1.4368840026009064,0.4463970969781482
final_path,parkinsons,uniform_iid_nested,majorant,20000618,0.15,1,0,0.012,0.06,1.5,283.37061962705434,0.1,0.07213475204444818,0.012,500,500,0.4478928251346956,0.12190244325295478,0.20949244499206543,1.0,5,"frequency,jitter,shimmer,noise_tone,nonlinear",20001395.0,2141710adbb0ef41,0.0,0.0,False,1,,,0.3391507605798686,0.3391507605798686,0.8466168015813459,2.0099458949680877,0.42183356290917184,1.243334716417414,2.0289157441169148,0.6629544399165656,0.6877438785921832,1.9286637259860124,0.3814720793960474
final_path,parkinsons,uniform_iid_nested,majorant,20000517,0.15,2,1,0.012,0.06,1.5,319.1512442568405,0.09000000000000001,0.06492127684000336,0.0108,500,1000,0.5019378397155344,0.2038121718450735,0.33319807052612305,1.0,5,"frequency,jitter,shimmer,noise_tone,nonlinear",20001294.0,08cad879d6be4645,0.0,0.0,False,2,,,0.36684715295606296,0.3542742357877596,0.46968179532935794,1.4305252955575891,0.3667382332045908,0.5121508411276574,1.5578771183077393,0.4078367958727478,0.4433819706810107,1.3624247766015436,0.3747861281972671
final_path,parkinsons,uniform_iid_nested,majorant,20000518,0.15,2,1,0.012,0.06,1.5,354.4477334516857,0.09000000000000001,0.06492127684000336,0.0108,500,1000,0.518387749602082,0.21434071404301622,0.33711886405944824,1.0,5,"frequency,jitter,shimmer,noise_tone,nonlinear",20001295.0,0a551b1ac70c9283,0.0,0.0,False,2,,,0.3885718611124379,0.3878971053815821,0.5539772997264757,1.6142908273023293,0.4046966393747293,0.7369232840217513,2.1574149542240386,0.4842901810993532,0.6586996533953325,1.6237407935965549,0.4390793747041931
final_path,parkinsons,uniform_iid_nested,majorant,20000617,0.15,2,1,0.012,0.06,1.5,312.42554371822547,0.09000000000000001,0.06492127684000336,0.0108,500,1000,0.4992212805219208,0.15233379871263866,0.3316218852996826,1.0,5,"frequency,jitter,shimmer,noise_tone,nonlinear",20001394.0,99d44c2ab4480d18,0.0,0.0,False,2,,,0.3557847550297334,0.347932517162412,0.5270417605841184,1.5405690083096337,0.3705683530459062,0.5379712763018326,1.8902444611448348,0.39938456905745784,0.572038266552359,1.4751122211200598,0.4391671996987966
final_path,parkinsons,uniform_iid_nested,majorant,20000618,0.15,2,1,0.012,0.06,1.5,283.37061962705434,0.09000000000000001,0.06492127684000336,0.0108,500,1000,0.5075180293610829,0.16754341959785043,0.32876014709472656,1.0,5,"frequency,jitter,shimmer,noise_tone,nonlinear",20001395.0,cd716bda859ed508,0.0,0.0,False,2,,,0.39073689150796875,0.37927532918885776,0.414828974453968,1.033144996978567,0.3802934292605577,0.5638981455096244,1.2646892547639712,0.5246900872779082,0.3755593288207981,1.0655229094603247,0.3496317432991269
final_path,parkinsons,uniform_iid_nested,majorant,20000517,0.15,4,2,0.012,0.06,1.5,319.1512442568405,0.08100000000000002,0.029214574578001515,0.004860000000000001,500,1500,0.4956166995431447,0.1871503757261044,0.6243898868560791,1.0,5,"frequency,jitter,shimmer,noise_tone,nonlinear",20001294.0,9e79323302b9ea2b,0.0,0.0,False,4,,,0.3840842788947195,0.36435082773700733,0.3977006751454779,1.2133888457809843,0.36615696438585454,0.41987053374156236,1.358482633395484,0.39038623567151665,0.39620583653190966,1.114578993059114,0.38130605161128367
final_path,parkinsons,uniform_iid_nested,majorant,20000518,0.15,4,2,0.012,0.06,1.5,354.4477334516857,0.08100000000000002,0.029214574578001515,0.004860000000000001,500,1500,0.5214779895452812,0.20394108352808482,0.5821170806884766,1.0,5,"frequency,jitter,shimmer,noise_tone,nonlinear",20001295.0,8f0d972cc5b65489,0.0,0.0,False,4,,,0.3966205058932915,0.39356683571837975,0.41045875867380915,1.1814175913402085,0.391032260229948,0.49499150001035497,1.4770314265365583,0.4226934685090315,0.41731771124191314,0.9640749738249944,0.3828995747472599
final_path,parkinsons,uniform_iid_nested,majorant,20000617,0.15,4,2,0.012,0.06,1.5,312.42554371822547,0.08100000000000002,0.029214574578001515,0.004860000000000001,500,1500,0.5000636296660483,0.09815783359556238,0.6088762283325195,1.0,5,"frequency,jitter,shimmer,noise_tone,nonlinear",20001394.0,c2c0a67051faf557,0.0,0.0,False,4,,,0.3750849683208286,0.3562747640170043,0.4103014360675459,1.2223123870629595,0.3627604974848556,0.4373871723306182,1.767259714994939,0.4014058485278135,0.48039543607838114,1.2559276058778093,0.4515602806239291
final_path,parkinsons,uniform_iid_nested,majorant,20000618,0.15,4,2,0.012,0.06,1.5,283.37061962705434,0.08100000000000002,0.029214574578001515,0.004860000000000001,500,1500,0.5025953256885943,0.15609862769456603,0.593745231628418,1.0,5,"frequency,jitter,shimmer,noise_tone,nonlinear",20001395.0,70841cec5a80e2da,0.0,0.0,False,4,,,0.3849571970505638,0.3779460388338807,0.3962897882944721,1.0674513128472383,0.3725123813899427,0.5169240687382288,1.2636493093327603,0.4973890057197722,0.36489986657394724,1.0918174845212771,0.3425602476058596
final_path,parkinsons,uniform_iid_nested,majorant,20000517,0.15,8,3,0.012,0.06,1.5,319.1512442568405,0.0729,0.017528744746800908,0.002916,500,2000,0.48443074805290587,0.16379997993606976,1.088111162185669,1.0,5,"frequency,jitter,shimmer,noise_tone,nonlinear",20001294.0,d0daf823d9cdc5c6,0.0,0.0,False,8,,,0.37934347797179296,0.3587428182062584,0.38649351987671193,1.19335700113805,0.36229242241699816,0.4093564289072382,1.3190814461887008,0.38744248749791077,0.3961900353480661,1.0893367098948619,0.38312260521448294
final_path,parkinsons,uniform_iid_nested,majorant,20000518,0.15,8,3,0.012,0.06,1.5,354.4477334516857,0.0729,0.017528744746800908,0.002916,500,2000,0.5122600508957169,0.17885479192262763,1.090207815170288,1.0,5,"frequency,jitter,shimmer,noise_tone,nonlinear",20001295.0,968c7f537e2659b0,0.0,0.0,False,8,,,0.39370308397092696,0.3878099993047577,0.41051489293199045,1.2607100690718227,0.3855087588637962,0.5058419679241662,1.5279281018748634,0.41931853514646916,0.42302470500537787,0.978266597102432,0.3788480494947833
final_path,parkinsons,uniform_iid_nested,majorant,20000617,0.15,8,3,0.012,0.06,1.5,312.42554371822547,0.0729,0.017528744746800908,0.002916,500,2000,0.49474059652158414,0.14748408003690547,1.100433111190796,1.0,5,"frequency,jitter,shimmer,noise_tone,nonlinear",20001394.0,2590fcde1a4aab1e,0.0,0.0,False,8,,,0.3687007746705154,0.35502526974973203,0.39224271863111704,1.1998677675186322,0.3577012150635673,0.41981667070274437,1.7455190650828536,0.3957905740559943,0.4725054412486642,1.2603669133674154,0.45460263712610427
final_path,parkinsons,uniform_iid_nested,majorant,20000618,0.15,8,3,0.012,0.06,1.5,283.37061962705434,0.0729,0.017528744746800908,0.002916,500,2000,0.49510948662904636,0.13185629287605102,1.0622811317443848,1.0,5,"frequency,jitter,shimmer,noise_tone,nonlinear",20001395.0,c9c4ac98baa194a0,0.0,0.0,False,8,,,0.37873048051790426,0.3711768479413261,0.38879346851108254,1.0857462759500764,0.3669946711509174,0.5064878921993432,1.2781644620477886,0.49097369531302665,0.35915058361989893,1.1077144772578251,0.3370202425046945
final_path,parkinsons,uniform_iid_nested,majorant,20000517,0.15,16,4,0.012,0.06,1.5,319.1512442568405,0.06561,0.011831902704090612,0.0019683,500,2500,0.4822720856923356,0.2327675515130696,2.1261749267578125,1.0,5,"frequency,jitter,shimmer,noise_tone,nonlinear",20001294.0,a9c8b0af4f91315c,0.0,0.0,False,16,,,0.3769791662857149,0.35963037810935594,0.3798814024891774,1.1926366533853747,0.3598478871059458,0.39850692651404657,1.2865829307364038,0.38216412576448344,0.3982992401700805,1.0959399864438206,0.38482719647882585
final_path,parkinsons,uniform_iid_nested,majorant,20000518,0.15,16,4,0.012,0.06,1.5,354.4477334516857,0.06561,0.011831902704090612,0.0019683,500,2500,0.505347949283694,0.173211411965157,2.102254867553711,1.0,5,"frequency,jitter,shimmer,noise_tone,nonlinear",20001295.0,60631e1f14a9c375,0.0,0.0,False,16,,,0.39057988095790974,0.3835873468534755,0.4078270259341691,1.285043258078193,0.38248155085959706,0.506864671438097,1.546693705266872,0.4179764890424975,0.4214135373778424,0.9742222980134176,0.3765452524918742
final_path,parkinsons,uniform_iid_nested,majorant,20000617,0.15,16,4,0.012,0.06,1.5,312.42554371822547,0.06561,0.011831902704090612,0.0019683,500,2500,0.48877697539191756,0.16709418723219557,2.0974700450897217,1.0,5,"frequency,jitter,shimmer,noise_tone,nonlinear",20001394.0,96e1f057c4c655a8,0.0,0.0,False,16,,,0.365302940318145,0.35123362179801176,0.38468134391186193,1.1974704395684501,0.3544384750853588,0.4118350633702366,1.7387785009086318,0.3919604564908572,0.47028750428762595,1.2692485298033538,0.45450079535687377
final_path,parkinsons,uniform_iid_nested,majorant,20000618,0.15,16,4,0.012,0.06,1.5,283.37061962705434,0.06561,0.011831902704090612,0.0019683,500,2500,0.4890321453764246,0.09963167380439202,2.0134119987487793,1.0,5,"frequency,jitter,shimmer,noise_tone,nonlinear",20001395.0,af7a4aea0a351df1,0.0,0.0,False,16,,,0.38076333779178434,0.3657059916859444,0.3852199490168927,1.0990957848424792,0.3643711793661407,0.5009835922849544,1.290537252561268,0.487307670970154,0.3573009925911202,1.1222677185113312,0.33521107972499714
final_path,parkinsons,uniform_iid_nested,majorant,20000517,0.15,64,5,0.012,0.06,1.5,319.1512442568405,0.05904900000000001,0.007099141622454369,0.0011809800000000003,500,3000,0.48077297718350803,0.1900681459366633,8.227536916732788,1.0,5,"frequency,jitter,shimmer,noise_tone,nonlinear",20001294.0,7dfd0fbd89eb2a0a,0.0,0.0,False,64,16.0,in_memory_N16_state,0.3749197142122678,0.3592521917152365,0.3762566846585653,1.1980067974041522,0.357686227561062,0.3925586545684928,1.274560673334582,0.3785166065115101,0.39847917722413867,1.116625573590719,0.3848716460746282
final_path,parkinsons,uniform_iid_nested,majorant,20000518,0.15,64,5,0.012,0.06,1.5,354.4477334516857,0.05904900000000001,0.007099141622454369,0.0011809800000000003,500,3000,0.501310569085593,0.1981613608875867,8.271034002304077,1.0,5,"frequency,jitter,shimmer,noise_tone,nonlinear",20001295.0,5ba4281330b28127,0.0,0.0,False,64,16.0,in_memory_N16_state,0.3916197548191896,0.3816400312662053,0.40642842040619237,1.297498362315299,0.38091428617644957,0.5077934099652643,1.5584311463620648,0.4175618301904793,0.42056718051152936,0.9776428149192526,0.37525748712659346
final_path,parkinsons,uniform_iid_nested,majorant,20000617,0.15,64,5,0.012,0.06,1.5,312.42554371822547,0.05904900000000001,0.007099141622454369,0.0011809800000000003,500,3000,0.48810022469273395,0.08774882313210762,8.378960132598877,1.0,5,"frequency,jitter,shimmer,noise_tone,nonlinear",20001394.0,920aaab13cb8a946,0.0,0.0,False,64,16.0,in_memory_N16_state,0.37275175804844785,0.35284183954028714,0.37803161833865245,1.1852358706052972,0.3540017008759347,0.40512713846344167,1.7015199366280669,0.39091291131137457,0.47143429217050514,1.2356756286396213,0.4558001807544939
final_path,parkinsons,uniform_iid_nested,majorant,20000618,0.15,64,5,0.012,0.06,1.5,283.37061962705434,0.05904900000000001,0.007099141622454369,0.0011809800000000003,500,3000,0.48636497896980174,0.16974461986977,8.159852981567383,1.0,5,"frequency,jitter,shimmer,noise_tone,nonlinear",20001395.0,80f913eb7187bf34,0.0,0.0,False,64,16.0,in_memory_N16_state,0.37877955088538184,0.3638042534173208,0.38305024133508475,1.1075899556526314,0.3628054663038376,0.49749923162451615,1.2969556998533074,0.4852374451595862,0.3558790393668041,1.1272601993614177,0.3336566579188398
final_path,parkinsons,uniform_iid_nested,majorant,20000517,0.15,256,6,0.012,0.06,1.5,319.1512442568405,0.05314410000000001,0.004791920595156698,0.0007971615000000001,500,3500,0.4774200030353529,0.1570176521313271,36.95487880706787,1.0,5,"frequency,jitter,shimmer,noise_tone,nonlinear",20001294.0,6621ad69cb94d7c3,0.0,0.0,False,256,64.0,,0.3735445478355163,0.35672447630258064,0.3740638923257152,1.203050014379724,0.35623252513346787,0.38911982358507974,1.2684977274720146,0.376332640726648,0.39847321932860624,1.129761499140722,0.3847858722921739
final_path,parkinsons,uniform_iid_nested,majorant,20000518,0.15,256,6,0.012,0.06,1.5,354.4477334516857,0.05314410000000001,0.004791920595156698,0.0007971615000000001,500,3500,0.4999407302153963,0.23771971654537957,34.372495889663696,1.0,5,"frequency,jitter,shimmer,noise_tone,nonlinear",20001295.0,9ef36bd23bd434ea,0.0,0.0,False,256,64.0,,0.39735416719362215,0.3831403298950957,0.40142765236479505,1.284695349828916,0.3813304230812527,0.4937041422866945,1.5191816020854478,0.4124944934875482,0.4079807716555624,0.9429857787370322,0.3714873602808328
final_path,parkinsons,uniform_iid_nested,majorant,20000617,0.15,256,6,0.012,0.06,1.5,312.42554371822547,0.05314410000000001,0.004791920595156698,0.0007971615000000001,500,3500,0.4869031853587441,0.18334822958386196,34.53005290031433,1.0,5,"frequency,jitter,shimmer,noise_tone,nonlinear",20001394.0,69f71b3f62f3c269,0.0,0.0,False,256,64.0,,0.37330360653638767,0.35361285548996524,0.3743104567300874,1.2043209096226268,0.3538842966226342,0.401552530831468,1.6749081076910883,0.39064037463486884,0.47226919574593024,1.22368834433373,0.45598230181468535
final_path,parkinsons,uniform_iid_nested,majorant,20000618,0.15,256,6,0.012,0.06,1.5,283.37061962705434,0.05314410000000001,0.004791920595156698,0.0007971615000000001,500,3500,0.4846442024660128,0.17575337370451688,34.90058398246765,1.0,5,"frequency,jitter,shimmer,noise_tone,nonlinear",20001395.0,c8114edbe85cb97b,0.0,0.0,False,256,64.0,,0.3801718763826174,0.3622613294214776,0.3816435113088865,1.1147753504091829,0.36182985414781216,0.49492557528766906,1.3025632942655319,0.4837278133748424,0.3549396762546965,1.1299242550028779,0.3325461624719042
final_path,parkinsons,uniform_iid_nested,majorant,20000517,0.25,1,0,0.012,0.04,1.5,319.1512442568405,0.1,0.07213475204444818,0.012,500,500,0.3909603215865085,0.14627208403678638,0.2111518383026123,1.0,5,"frequency,jitter,shimmer,noise_tone,nonlinear",20001294.0,df97b3d9ed329574,0.0,0.0,False,1,,,0.307529301895922,0.307529301895922,1.2501819898480848,2.6958063121909586,0.44819313634391145,1.4248676647185847,2.492508089948563,0.5332460360434715,1.0999759910008184,3.147248596689868,0.4690675152112842
final_path,parkinsons,uniform_iid_nested,majorant,20000518,0.25,1,0,0.012,0.04,1.5,354.4477334516857,0.1,0.07213475204444818,0.012,500,500,0.4625804021480852,0.13906606349412376,0.20393705368041992,1.0,5,"frequency,jitter,shimmer,noise_tone,nonlinear",20001295.0,181ab442023a92f5,0.0,0.0,False,1,,,0.3864608971834316,0.3864608971834316,1.2035980371484165,3.133164757105186,0.47655715587036046,1.5115065303081334,3.73899497339849,0.6356185147286373,1.560264054603291,3.297189597631345,0.640520373777994
final_path,parkinsons,uniform_iid_nested,majorant,20000617,0.25,1,0,0.012,0.04,1.5,312.42554371822547,0.1,0.07213475204444818,0.012,500,500,0.42720051527544534,0.13267802336837103,0.20409703254699707,1.0,5,"frequency,jitter,shimmer,noise_tone,nonlinear",20001394.0,5a0a324c3e3439e1,0.0,0.0,False,1,,,0.33817199485347693,0.33817199485347693,1.2458703152981707,2.986530396572039,0.40569247650898005,1.2341252150041853,2.937875343187467,0.4576250640100252,1.3122054714867906,2.7567027909848933,0.4757759554667916
final_path,parkinsons,uniform_iid_nested,majorant,20000618,0.25,1,0,0.012,0.04,1.5,283.37061962705434,0.1,0.07213475204444818,0.012,500,500,0.39712472829913736,0.11396204917682083,0.20583009719848633,1.0,5,"frequency,jitter,shimmer,noise_tone,nonlinear",20001395.0,36560452feee29c3,0.0,0.0,False,1,,,0.3084890117897161,0.3084890117897161,1.4592096308642795,3.2126450799325688,0.4604968506141134,2.065766263743724,3.2283179186300903,0.7908667271391522,1.1630131592877768,2.7480587002857297,0.369261174763327
final_path,parkinsons,uniform_iid_nested,majorant,20000517,0.25,2,1,0.012,0.04,1.5,319.1512442568405,0.09000000000000001,0.06492127684000336,0.0108,500,1000,0.46725907172918957,0.13187683880195525,0.3275601863861084,1.0,5,"frequency,jitter,shimmer,noise_tone,nonlinear",20001294.0,118a9f2abf617b99,0.0,0.0,False,2,,,0.335550213301196,0.32185460263386867,0.8103483171050593,2.294796351426919,0.3704569696263308,0.7951914312596905,2.0719558618676563,0.39729714236207214,0.7138134902062536,2.4565290639613764,0.39336617282133335
final_path,parkinsons,uniform_iid_nested,majorant,20000518,0.25,2,1,0.012,0.04,1.5,354.4477334516857,0.09000000000000001,0.06492127684000336,0.0108,500,1000,0.4921500971037015,0.13940243146126666,0.33716297149658203,1.0,5,"frequency,jitter,shimmer,noise_tone,nonlinear",20001295.0,4450364db6faf954,0.0,0.0,False,2,,,0.3690849911917697,0.368320273178397,1.059513013270555,2.9642380414589766,0.4365353736407428,1.3981674258225891,3.897444132573601,0.6095830688180146,1.3814215980625237,3.2925474561840575,0.5666818044541285
final_path,parkinsons,uniform_iid_nested,majorant,20000617,0.25,2,1,0.012,0.04,1.5,312.42554371822547,0.09000000000000001,0.06492127684000336,0.0108,500,1000,0.4518244943986659,0.11479742933720187,0.3291499614715576,1.0,5,"frequency,jitter,shimmer,noise_tone,nonlinear",20001394.0,706b07b14b3c7346,0.0,0.0,False,2,,,0.3131219329507202,0.3032389765633423,0.9671632339100626,2.556692124241086,0.36435067957422,0.9904430830678892,2.7486467457451687,0.45768557341914656,1.0746391546638585,2.3666286334934226,0.4855050880848472
final_path,parkinsons,uniform_iid_nested,majorant,20000618,0.25,2,1,0.012,0.04,1.5,283.37061962705434,0.09000000000000001,0.06492127684000336,0.0108,500,1000,0.4851022091028562,0.1162497203449636,0.3302631378173828,1.0,5,"frequency,jitter,shimmer,noise_tone,nonlinear",20001395.0,a56d92024393737b,0.0,0.0,False,2,,,0.3715775369895425,0.3608782106700371,0.4511992046491013,1.1237021089950698,0.36905574013049336,0.6667828022105241,1.2889978977095875,0.5855295166614924,0.40457298330220093,1.0648058035394752,0.3405881027994406
final_path,parkinsons,uniform_iid_nested,majorant,20000517,0.25,4,2,0.012,0.04,1.5,319.1512442568405,0.08100000000000002,0.029214574578001515,0.004860000000000001,500,1500,0.47571115937858655,0.15850180502006553,0.5768020153045654,1.0,5,"frequency,jitter,shimmer,noise_tone,nonlinear",20001294.0,de016f2c9e53d33b,0.0,0.0,False,4,,,0.3671460104161801,0.3474961215627714,0.46455505959905935,1.6338074930335515,0.35546379771182396,0.5088399202382743,1.725059668269199,0.39998818017012605,0.4651513015951228,1.803239156657683,0.37685161000323064
final_path,parkinsons,uniform_iid_nested,majorant,20000518,0.25,4,2,0.012,0.04,1.5,354.4477334516857,0.08100000000000002,0.029214574578001515,0.004860000000000001,500,1500,0.506017877034898,0.14061747266778107,0.5992989540100098,1.0,5,"frequency,jitter,shimmer,noise_tone,nonlinear",20001295.0,7c9c0c141cce6fb1,0.0,0.0,False,4,,,0.40103067835610573,0.3929723725442519,0.4608846781439897,1.2532469267783932,0.3936921649776914,0.6036691536198101,1.9594829837704437,0.46330575058524004,0.5508895173239148,1.5050319820793705,0.43135620488159665
final_path,parkinsons,uniform_iid_nested,majorant,20000617,0.25,4,2,0.012,0.04,1.5,312.42554371822547,0.08100000000000002,0.029214574578001515,0.004860000000000001,500,1500,0.46430900799250463,0.10352850030054304,0.5845968723297119,1.0,5,"frequency,jitter,shimmer,noise_tone,nonlinear",20001394.0,6db226ef43ffce8e,0.0,0.0,False,4,,,0.3433979951102212,0.31910986927209317,0.5417980661441602,1.5996581046995892,0.3375290367279554,0.5963685112191257,2.2176755711396976,0.4441955838541281,0.6414115255290251,1.6037389741944987,0.4871402609167442
final_path,parkinsons,uniform_iid_nested,majorant,20000618,0.25,4,2,0.012,0.04,1.5,283.37061962705434,0.08100000000000002,0.029214574578001515,0.004860000000000001,500,1500,0.4778206776713115,0.13638588846843738,0.5813202857971191,1.0,5,"frequency,jitter,shimmer,noise_tone,nonlinear",20001395.0,727f5e7d307541d3,0.0,0.0,False,4,,,0.37009253191982433,0.36038296397402275,0.38806074174760435,1.20543626967116,0.35481207511404206,0.6340910681595512,1.3695573215301073,0.53834906276559,0.36589218945567265,1.1510319353390792,0.32419551086210396
final_path,parkinsons,uniform_iid_nested,majorant,20000517,0.25,8,3,0.012,0.04,1.5,319.1512442568405,0.0729,0.017528744746800908,0.002916,500,2000,0.4644393336738321,0.16084648143262836,1.0615389347076416,1.0,5,"frequency,jitter,shimmer,noise_tone,nonlinear",20001294.0,2e5f5fd4d4b9581a,0.0,0.0,False,8,,,0.3761050869195793,0.3477322431694441,0.4024047015678183,1.2551771478194274,0.3499140496578929,0.4472686385884589,1.4055295312518403,0.40599909642699045,0.4048521530231779,1.252885966863738,0.3802364551977004
final_path,parkinsons,uniform_iid_nested,majorant,20000518,0.25,8,3,0.012,0.04,1.5,354.4477334516857,0.0729,0.017528744746800908,0.002916,500,2000,0.49254238156040436,0.14998891675864004,1.0760271549224854,1.0,5,"frequency,jitter,shimmer,noise_tone,nonlinear",20001295.0,cf5130be7adf62fe,0.0,0.0,False,8,,,0.3971740476915216,0.3827834578265252,0.45444466681179413,1.3663609245344401,0.3826347521217702,0.6064550339131256,1.9668094584233933,0.4399743949839654,0.5335521665829825,1.4895707631279242,0.408739227821607
final_path,parkinsons,uniform_iid_nested,majorant,20000617,0.25,8,3,0.012,0.04,1.5,312.42554371822547,0.0729,0.017528744746800908,0.002916,500,2000,0.4621958701832055,0.1301270601890664,1.093501091003418,1.0,5,"frequency,jitter,shimmer,noise_tone,nonlinear",20001394.0,949c5a75411ee148,0.0,0.0,False,8,,,0.3474633254898615,0.3247370980258248,0.4282813430092182,1.2938144035111236,0.32766593797031535,0.4908396418683449,2.0090675871234414,0.4244240743449465,0.5452840081328861,1.5852180569647785,0.49910950925799535
final_path,parkinsons,uniform_iid_nested,majorant,20000618,0.25,8,3,0.012,0.04,1.5,283.37061962705434,0.0729,0.017528744746800908,0.002916,500,2000,0.4677468147939594,0.09774214254348412,1.0951533317565918,1.0,5,"frequency,jitter,shimmer,noise_tone,nonlinear",20001395.0,ccd0f8218d928b66,0.0,0.0,False,8,,,0.36246554791421903,0.3529590124493415,0.3782089991196794,1.257482324937769,0.3479772127367,0.6205071709717804,1.4332241652934168,0.52279160117184,0.3612443525829285,1.2047368755069137,0.3172028859157115
final_path,parkinsons,uniform_iid_nested,majorant,20000517,0.25,16,4,0.012,0.04,1.5,319.1512442568405,0.06561,0.011831902704090612,0.0019683,500,2500,0.45969879871079034,0.08734186369453208,2.0296950340270996,1.0,5,"frequency,jitter,shimmer,noise_tone,nonlinear",20001294.0,674a6542e1f86db4,0.0,0.0,False,16,,,0.3696417981298454,0.3504537926798325,0.37699390710839426,1.3325637326873034,0.3469840127432721,0.4412155028172453,1.4680631377734672,0.40139209749911964,0.4104861908501004,1.3488301367064408,0.3786862154156635
final_path,parkinsons,uniform_iid_nested,majorant,20000518,0.25,16,4,0.012,0.04,1.5,354.4477334516857,0.06561,0.011831902704090612,0.0019683,500,2500,0.4830917846737759,0.1430418703077174,2.0672731399536133,1.0,5,"frequency,jitter,shimmer,noise_tone,nonlinear",20001295.0,1ac60e372c50abdd,0.0,0.0,False,16,,,0.39067643589237544,0.3753094770889983,0.44480114191339243,1.3915272957349776,0.3757000147126363,0.5989928930546224,1.9554419794048559,0.43403065699446464,0.5190511737689836,1.4431929051895391,0.39914836310997026
final_path,parkinsons,uniform_iid_nested,majorant,20000617,0.25,16,4,0.012,0.04,1.5,312.42554371822547,0.06561,0.011831902704090612,0.0019683,500,2500,0.45345689761479213,0.12075945120684677,2.110059976577759,1.0,5,"frequency,jitter,shimmer,noise_tone,nonlinear",20001394.0,1e532172506aedda,0.0,0.0,False,16,,,0.33849096891632346,0.3185801309472389,0.40279334950569573,1.3010301948471337,0.3218590948212126,0.46625999617237185,1.9723435123020319,0.4178449105068519,0.5258737242108968,1.5684427043896174,0.49684543726306984
final_path,parkinsons,uniform_iid_nested,majorant,20000618,0.25,16,4,0.012,0.04,1.5,283.37061962705434,0.06561,0.011831902704090612,0.0019683,500,2500,0.4625689387472945,0.10299102247826006,2.0708038806915283,1.0,5,"frequency,jitter,shimmer,noise_tone,nonlinear",20001395.0,826a1b03c72605c9,0.0,0.0,False,16,,,0.36770607469365535,0.3500196833187678,0.37582774357876525,1.2562416093268245,0.34497460671157243,0.5958066966202074,1.4277365585835322,0.5119393837100614,0.36154409353371125,1.2125265050463536,0.31666821857282756
final_path,parkinsons,uniform_iid_nested,majorant,20000517,0.25,64,5,0.012,0.04,1.5,319.1512442568405,0.05904900000000001,0.007099141622454369,0.0011809800000000003,500,3000,0.4579882519730637,0.12926317757557282,8.247368097305298,1.0,5,"frequency,jitter,shimmer,noise_tone,nonlinear",20001294.0,444218bea1b6ab58,0.0,0.0,False,64,16.0,in_memory_N16_state,0.3683327696944611,0.34767953974636845,0.37188713659548706,1.3515692481281654,0.3426336903504302,0.43420259974856396,1.4672090676315261,0.3936520053107224,0.4063913465217928,1.36883304466494,0.37595150454842907
final_path,parkinsons,uniform_iid_nested,majorant,20000518,0.25,64,5,0.012,0.04,1.5,354.4477334516857,0.05904900000000001,0.007099141622454369,0.0011809800000000003,500,3000,0.47925611532698503,0.1454089092919004,8.368465900421143,1.0,5,"frequency,jitter,shimmer,noise_tone,nonlinear",20001295.0,6cff4b82af2866ba,0.0,0.0,False,64,16.0,in_memory_N16_state,0.3903280524959606,0.37337964927391887,0.4439900741245316,1.4311092713985178,0.37291360939595697,0.6008708732506546,1.9612086902083483,0.4298770045917065,0.5146045041437032,1.417486785353932,0.3922296441360553
final_path,parkinsons,uniform_iid_nested,majorant,20000617,0.25,64,5,0.012,0.04,1.5,312.42554371822547,0.05904900000000001,0.007099141622454369,0.0011809800000000003,500,3000,0.4556447197780241,0.07141538704713185,8.245491981506348,1.0,5,"frequency,jitter,shimmer,noise_tone,nonlinear",20001394.0,cec752c084937782,0.0,0.0,False,64,16.0,in_memory_N16_state,0.3498005210582815,0.32363674995226266,0.3664755504844981,1.412895724268331,0.321859591734899,0.4863988950595767,2.0018414332755317,0.4186387522072043,0.5560172213776717,1.635475123643851,0.5035167307177079
final_path,parkinsons,uniform_iid_nested,majorant,20000618,0.25,64,5,0.012,0.04,1.5,283.37061962705434,0.05904900000000001,0.007099141622454369,0.0011809800000000003,500,3000,0.4594359257594906,0.10404138880703424,8.301922082901001,1.0,5,"frequency,jitter,shimmer,noise_tone,nonlinear",20001395.0,092217ee5b5195df,0.0,0.0,False,64,16.0,in_memory_N16_state,0.36465552548785873,0.3456631524213919,0.3724425652100385,1.2861782940056719,0.3426631915783337,0.5967660659581635,1.4536395419910555,0.5086051870156418,0.3588242405069534,1.2343603706436628,0.31256074434953895
final_path,parkinsons,uniform_iid_nested,majorant,20000517,0.25,256,6,0.012,0.04,1.5,319.1512442568405,0.05314410000000001,0.004791920595156698,0.0007971615000000001,500,3500,0.45423603040443167,0.08643733071570646,34.57568073272705,1.0,5,"frequency,jitter,shimmer,noise_tone,nonlinear",20001294.0,560daf2a7f42cf73,0.0,0.0,False,256,64.0,,0.36506455119332804,0.34399039732569786,0.36865911384561884,1.3630090923147404,0.3400910934132264,0.43000552334363884,1.4677017085113708,0.3887197709403967,0.4033233681551483,1.387582127326365,0.37424133948841315
final_path,parkinsons,uniform_iid_nested,majorant,20000518,0.25,256,6,0.012,0.04,1.5,354.4477334516857,0.05314410000000001,0.004791920595156698,0.0007971615000000001,500,3500,0.48131448894456136,0.1440590379362834,34.91179394721985,1.0,5,"frequency,jitter,shimmer,noise_tone,nonlinear",20001295.0,c3e832a2e0ea737d,0.0,0.0,False,256,64.0,,0.3992921556472422,0.3757842134925644,0.4094165576243365,1.308875571301729,0.3734413113277163,0.5346775007842716,1.724540447951691,0.4168555915876502,0.44903054625529665,1.2042609815279746,0.381217303105402
final_path,parkinsons,uniform_iid_nested,majorant,20000617,0.25,256,6,0.012,0.04,1.5,312.42554371822547,0.05314410000000001,0.004791920595156698,0.0007971615000000001,500,3500,0.455517223637275,0.06232493812462295,34.215965270996094,1.0,5,"frequency,jitter,shimmer,noise_tone,nonlinear",20001394.0,0c734889896048ae,0.0,0.0,False,256,64.0,,0.3475192348702136,0.32315318472988186,0.3617922105466343,1.4116988944942674,0.3197449330900548,0.4846619351682529,2.0108323447094625,0.41744040138743177,0.5538475668154239,1.6325108383480162,0.5012034426819598
final_path,parkinsons,uniform_iid_nested,majorant,20000618,0.25,256,6,0.012,0.04,1.5,283.37061962705434,0.05314410000000001,0.004791920595156698,0.0007971615000000001,500,3500,0.4585899879625342,0.10158880387093283,34.52708196640015,1.0,5,"frequency,jitter,shimmer,noise_tone,nonlinear",20001395.0,d6622789d8b3e327,0.0,0.0,False,256,64.0,,0.3670247891041052,0.34445746028551594,0.370401829370604,1.3044115342147227,0.34101193295993787,0.597779635811639,1.4664933234913133,0.5071015452121048,0.35608913690884536,1.2448829487940212,0.30902309986548215
final_path,parkinsons,uniform_iid_nested,majorant,20000517,0.35,1,0,0.018,0.04,1.01,214.89517113293928,0.1,0.07213475204444818,0.018,500,500,0.37802895855854324,0.10149875706213464,0.2039198875427246,1.0,5,"frequency,jitter,shimmer,noise_tone,nonlinear",20001294.0,c076fa24b200a6f5,0.0,0.0,False,1,,,0.29470389076723585,0.29470389076723585,1.534645557270706,3.0580545449418786,0.46457475549786575,1.7595455759056462,2.925940333980164,0.5621514908302614,1.3356024402927205,3.511257374074814,0.4942884504587343
final_path,parkinsons,uniform_iid_nested,majorant,20000518,0.35,1,0,0.018,0.04,1.01,238.66147385746837,0.1,0.07213475204444818,0.018,500,500,0.4554619147888994,0.1420785111683978,0.2058401107788086,1.0,5,"frequency,jitter,shimmer,noise_tone,nonlinear",20001295.0,c7ba59558dd68f75,0.0,0.0,False,1,,,0.37581429663233407,0.37581429663233407,1.547979597741137,3.9261852466089877,0.4803840166696253,1.9414028048017338,4.86541734927073,0.689264576079651,1.9559502818702388,4.213478941024589,0.6593868208866701
final_path,parkinsons,uniform_iid_nested,majorant,20000617,0.35,1,0,0.018,0.04,1.01,210.36653277027182,0.1,0.07213475204444818,0.018,500,500,0.4124379018148071,0.11448791202511241,0.21121597290039062,1.0,5,"frequency,jitter,shimmer,noise_tone,nonlinear",20001394.0,0af9fb4f349ef63e,0.0,0.0,False,1,,,0.3105914935677127,0.3105914935677127,1.9534325559896026,4.124435781906871,0.40143264604102724,1.9399541027197917,4.033084944030819,0.482876282305184,2.035822219426315,3.89913965952573,0.49943322524222383
final_path,parkinsons,uniform_iid_nested,majorant,20000618,0.35,1,0,0.018,0.04,1.01,190.80288388221658,0.1,0.07213475204444818,0.018,500,500,0.3865771539727314,0.1327450627492117,0.2087709903717041,1.0,5,"frequency,jitter,shimmer,noise_tone,nonlinear",20001395.0,7f4d55bda5e4292d,0.0,0.0,False,1,,,0.2991893704885198,0.2991893704885198,1.8270503750711828,3.6212593944814473,0.484675523218249,2.5348219432047387,3.7533483020075726,0.8927377480285829,1.5508724668076428,3.219809582020858,0.39601232297835565
final_path,parkinsons,uniform_iid_nested,majorant,20000517,0.35,2,1,0.018,0.04,1.01,214.89517113293928,0.09000000000000001,0.06492127684000336,0.0162,500,1000,0.4615242733653846,0.17468561193881868,0.32643985748291016,1.0,5,"frequency,jitter,shimmer,noise_tone,nonlinear",20001294.0,e766dac6d5c48efc,0.0,0.0,False,2,,,0.326147077301026,0.3103234093246306,1.0720099396337794,2.802983452479401,0.3723221744672162,1.0394961065092434,2.412379378759314,0.3934256272648136,0.9251760380588987,2.9805820337479574,0.40488994999692235
final_path,parkinsons,uniform_iid_nested,majorant,20000518,0.35,2,1,0.018,0.04,1.01,238.66147385746837,0.09000000000000001,0.06492127684000336,0.0162,500,1000,0.48646065168383207,0.1257468769338445,0.338090181350708,1.0,5,"frequency,jitter,shimmer,noise_tone,nonlinear",20001295.0,041981caabb28b90,0.0,0.0,False,2,,,0.3632417717488169,0.36015268206256457,1.443296693287037,3.8844484637426966,0.44591908513720524,1.8729932391406696,5.164130674627666,0.6721921254193843,1.8111817992498556,4.28111016733998,0.5873988800746069
final_path,parkinsons,uniform_iid_nested,majorant,20000617,0.35,2,1,0.018,0.04,1.01,210.36653277027182,0.09000000000000001,0.06492127684000336,0.0162,500,1000,0.4410292917089925,0.09730450812167778,0.33089208602905273,1.0,5,"frequency,jitter,shimmer,noise_tone,nonlinear",20001394.0,93a35b6f4c5fc189,0.0,0.0,False,2,,,0.29407176828174303,0.2837651160569609,1.2642661799750787,3.0540434924486894,0.35991342923837355,1.2775748855149045,3.2467850544067036,0.4793266579916025,1.3901570331847397,2.9042741176049995,0.5163225202956072
final_path,parkinsons,uniform_iid_nested,majorant,20000618,0.35,2,1,0.018,0.04,1.01,190.80288388221658,0.09000000000000001,0.06492127684000336,0.0162,500,1000,0.4770748915293811,0.11437780039067996,0.3328709602355957,1.0,5,"frequency,jitter,shimmer,noise_tone,nonlinear",20001395.0,5de52aa7bc4cb145,0.0,0.0,False,2,,,0.3582861760254462,0.3450376721384805,0.5078060676754119,1.3078789964188253,0.35641935589191637,0.7436292277545323,1.543561191273339,0.5807953348485195,0.4468222472767291,1.2754699269825678,0.33140363186924204
final_path,parkinsons,uniform_iid_nested,majorant,20000517,0.35,4,2,0.018,0.04,1.01,214.89517113293928,0.08100000000000002,0.029214574578001515,0.00729,500,1500,0.4745726616689381,0.14616930257959004,0.5725481510162354,1.0,5,"frequency,jitter,shimmer,noise_tone,nonlinear",20001294.0,78cedbeea7c7148e,0.0,0.0,False,4,,,0.36825881231591345,0.3447655503848659,0.494067940404115,1.832690420019885,0.3493782749223207,0.548121653161501,1.839207267568133,0.3958865824816656,0.5042815042757279,2.1280128756258923,0.3779607502373134
final_path,parkinsons,uniform_iid_nested,majorant,20000518,0.35,4,2,0.018,0.04,1.01,238.66147385746837,0.08100000000000002,0.029214574578001515,0.00729,500,1500,0.5047832303429388,0.1337693996501943,0.5912888050079346,1.0,5,"frequency,jitter,shimmer,noise_tone,nonlinear",20001295.0,95946c9a1829c0ac,0.0,0.0,False,4,,,0.39692678164144946,0.38566703219291343,0.5112603586620142,1.5038801151558505,0.3895033544274234,0.6859016044969131,2.363412584146923,0.4534045109788796,0.6173541555428498,1.759528020717599,0.4104185564651956
final_path,parkinsons,uniform_iid_nested,majorant,20000617,0.35,4,2,0.018,0.04,1.01,210.36653277027182,0.08100000000000002,0.029214574578001515,0.00729,500,1500,0.46047441293499486,0.10314327274837787,0.5742032527923584,1.0,5,"frequency,jitter,shimmer,noise_tone,nonlinear",20001394.0,88829f2e5f625759,0.0,0.0,False,4,,,0.33432564345656685,0.30389742517257795,0.6553851388274762,1.9014741808468776,0.3253024585652512,0.6960667111268327,2.582232741181458,0.45251533561543555,0.7581236007677569,1.9310571827267224,0.5055927285766002
final_path,parkinsons,uniform_iid_nested,majorant,20000618,0.35,4,2,0.018,0.04,1.01,190.80288388221658,0.08100000000000002,0.029214574578001515,0.00729,500,1500,0.4734511136133173,0.12470947274035626,0.6017420291900635,1.0,5,"frequency,jitter,shimmer,noise_tone,nonlinear",20001395.0,0f68d09ff6706a2b,0.0,0.0,False,4,,,0.3622386055212661,0.35104504199608555,0.39512457976358906,1.4719441645129028,0.34250256634781434,0.7007271829712246,1.6587373006752144,0.523065756085541,0.38413708965771154,1.4072091051741398,0.31092931310027616
final_path,parkinsons,uniform_iid_nested,majorant,20000517,0.35,8,3,0.018,0.04,1.01,214.89517113293928,0.0729,0.017528744746800908,0.004373999999999999,500,2000,0.4607871871019561,0.14210875241303733,1.0798499584197998,1.0,5,"frequency,jitter,shimmer,noise_tone,nonlinear",20001294.0,adc8c48b0527f23d,0.0,0.0,False,8,,,0.3779048584098375,0.34333703002834737,0.389724350750912,1.3318793175425208,0.3436482958932591,0.4349036128705921,1.4006154263700066,0.399242237133047,0.41947698800445044,1.4249269227045664,0.3802757802508878
final_path,parkinsons,uniform_iid_nested,majorant,20000518,0.35,8,3,0.018,0.04,1.01,238.66147385746837,0.0729,0.017528744746800908,0.004373999999999999,500,2000,0.49219159903857657,0.1254755622030737,1.097489356994629,1.0,5,"frequency,jitter,shimmer,noise_tone,nonlinear",20001295.0,754f3aa0203a3cce,0.0,0.0,False,8,,,0.3956147551668356,0.3778392174862332,0.48036242195212103,1.564420854690811,0.37462738173309584,0.6666414763118599,2.2785267323144636,0.42972602449912795,0.5634727354054869,1.6758235538581698,0.389065440478845
final_path,parkinsons,uniform_iid_nested,majorant,20000617,0.35,8,3,0.018,0.04,1.01,210.36653277027182,0.0729,0.017528744746800908,0.004373999999999999,500,2000,0.456662758572445,0.11580159592454564,1.0618979930877686,1.0,5,"frequency,jitter,shimmer,noise_tone,nonlinear",20001394.0,e4a3f9a5f9416b2a,0.0,0.0,False,8,,,0.33531682408632923,0.3114083009672426,0.43243881977441734,1.3843427366333891,0.31454319646859097,0.49578880155502275,2.082867657500911,0.4240104748171798,0.573919466286416,1.650319421671836,0.5163014753753091
final_path,parkinsons,uniform_iid_nested,majorant,20000618,0.35,8,3,0.018,0.04,1.01,190.80288388221658,0.0729,0.017528744746800908,0.004373999999999999,500,2000,0.465008593156472,0.1168088048208311,1.1059110164642334,1.0,5,"frequency,jitter,shimmer,noise_tone,nonlinear",20001395.0,6b0851d8fbc6a2a5,0.0,0.0,False,8,,,0.3558768733193743,0.3439538600401542,0.38353647643965694,1.5221928539478113,0.33600252731248703,0.6732550765297631,1.697005537859611,0.5067859736089194,0.3861415682970493,1.4478607337814118,0.3035246450793425
final_path,parkinsons,uniform_iid_nested,majorant,20000517,0.35,16,4,0.018,0.04,1.01,214.89517113293928,0.06561,0.011831902704090612,0.0029524499999999997,500,2500,0.45866650887329047,0.09108195071842633,2.1411709785461426,1.0,5,"frequency,jitter,shimmer,noise_tone,nonlinear",20001294.0,0b1413badbb15249,0.0,0.0,False,16,,,0.3704102353704073,0.3434250537744813,0.3857548040500452,1.429496961859127,0.3372455667986438,0.4372825018586128,1.4966910321820066,0.3873158623699593,0.4198051311644719,1.5546593679653082,0.374815616244471
final_path,parkinsons,uniform_iid_nested,majorant,20000518,0.35,16,4,0.018,0.04,1.01,238.66147385746837,0.06561,0.011831902704090612,0.0029524499999999997,500,2500,0.4834554221620444,0.12870342113815766,2.021425247192383,1.0,5,"frequency,jitter,shimmer,noise_tone,nonlinear",20001295.0,5ac236d2451d426a,0.0,0.0,False,16,,,0.3887158579536971,0.36902222101906845,0.4732546418968088,1.6019533317588242,0.3666543419434129,0.6668553829789327,2.296806449897832,0.42774030083042386,0.5522644725545673,1.6356651048485369,0.3809722192539344
final_path,parkinsons,uniform_iid_nested,majorant,20000617,0.35,16,4,0.018,0.04,1.01,210.36653277027182,0.06561,0.011831902704090612,0.0029524499999999997,500,2500,0.4503559909619359,0.11695024545174884,2.0278899669647217,1.0,5,"frequency,jitter,shimmer,noise_tone,nonlinear",20001394.0,beb4a9057ababe3e,0.0,0.0,False,16,,,0.3323481048235399,0.3072567411715308,0.39515288399916476,1.4313718327352405,0.30888811156480095,0.49098019191475395,2.0128075468381326,0.4177426199964449,0.5671246174745486,1.5826959376199115,0.5087598974662055
final_path,parkinsons,uniform_iid_nested,majorant,20000618,0.35,16,4,0.018,0.04,1.01,190.80288388221658,0.06561,0.011831902704090612,0.0029524499999999997,500,2500,0.4622150536325629,0.0635345494895745,2.157644033432007,1.0,5,"frequency,jitter,shimmer,noise_tone,nonlinear",20001395.0,4776221eab65a310,0.0,0.0,False,16,,,0.3665308063410665,0.34181730012969724,0.3813606577241258,1.4723231784157464,0.33342727031653224,0.628982680589928,1.6454474836023258,0.49766441985791576,0.38201170184276223,1.4091016767658613,0.3039144338038189
final_path,parkinsons,uniform_iid_nested,majorant,20000517,0.35,64,5,0.018,0.04,1.01,214.89517113293928,0.05904900000000001,0.007099141622454369,0.0017714700000000005,500,3000,0.46145352998603306,0.054116910219663014,8.40271520614624,1.0,5,"frequency,jitter,shimmer,noise_tone,nonlinear",20001294.0,67b20d1078c8594c,0.0,0.0,False,64,16.0,in_memory_N16_state,0.3703161499717566,0.3410206755784453,0.3750688070426706,1.4393246150823342,0.3331226151429885,0.42694987842426396,1.475376206260868,0.37876596792135253,0.4064148552134471,1.6590551637420983,0.3714471303624365
final_path,parkinsons,uniform_iid_nested,majorant,20000518,0.35,64,5,0.018,0.04,1.01,238.66147385746837,0.05904900000000001,0.007099141622454369,0.0017714700000000005,500,3000,0.4818408860608118,0.10497475088221778,8.086514234542847,1.0,5,"frequency,jitter,shimmer,noise_tone,nonlinear",20001295.0,016afec1e0587464,0.0,0.0,False,64,16.0,in_memory_N16_state,0.39083379327064555,0.36647773463671596,0.47579679933843727,1.657166736169039,0.36365952886878317,0.6773742117808876,2.336556982682821,0.4264246906042244,0.5511522875277076,1.6187255326740562,0.37399423766204076
final_path,parkinsons,uniform_iid_nested,majorant,20000617,0.35,64,5,0.018,0.04,1.01,210.36653277027182,0.05904900000000001,0.007099141622454369,0.0017714700000000005,500,3000,0.459045674004108,0.05549200450363986,8.09525990486145,1.0,5,"frequency,jitter,shimmer,noise_tone,nonlinear",20001394.0,1d54e7d1e99b6fce,0.0,0.0,False,64,16.0,in_memory_N16_state,0.3500229845462516,0.3107018243591114,0.36952183368493413,1.4738380458096125,0.3077094513624175,0.5027145623494649,2.03325189067443,0.4180288309330998,0.5797845530616041,1.6325051951586187,0.5066901654801635
final_path,parkinsons,uniform_iid_nested,majorant,20000618,0.35,64,5,0.018,0.04,1.01,190.80288388221658,0.05904900000000001,0.007099141622454369,0.0017714700000000005,500,3000,0.4618160153590752,0.14241988360603716,8.433337688446045,1.0,5,"frequency,jitter,shimmer,noise_tone,nonlinear",20001395.0,26745432cc6d0839,0.0,0.0,False,64,16.0,in_memory_N16_state,0.3629430469770466,0.33713149494698347,0.3783827990420658,1.5340656300503621,0.33143794287534145,0.6402587588891671,1.6877513583782968,0.49788043317232566,0.38081820837387514,1.4399394154974843,0.29722305601272975
final_path,parkinsons,uniform_iid_nested,majorant,20000517,0.35,256,6,0.024,0.15,0.75,159.57562212842026,0.05314410000000001,0.004791920595156698,0.0015943230000000001,500,3500,0.6337830587888795,0.6391321789269571,34.37488102912903,1.0,5,"frequency,jitter,shimmer,noise_tone,nonlinear",20001294.0,fe85f259c0fd68b0,0.0,0.0,False,256,64.0,,0.39990591004145576,0.35943548330447506,0.40162448713920806,1.3370049211276858,0.35338441699859663,0.40019649568755644,1.380040655727119,0.3804736135587765,0.42952811569382676,1.3934764598285045,0.38718845097930515
final_path,parkinsons,uniform_iid_nested,majorant,20000518,0.35,256,6,0.024,0.15,0.75,177.22386672584284,0.05314410000000001,0.004791920595156698,0.0015943230000000001,500,3500,0.6441476238821596,0.7042987312377685,34.25333285331726,1.0,5,"frequency,jitter,shimmer,noise_tone,nonlinear",20001295.0,0835f6a243e4cc16,0.0,0.0,False,256,64.0,,0.4380212822757191,0.4006499575284293,0.4418860310879736,1.4491843624594731,0.39609683152504516,0.4908955925738187,1.5679423653604225,0.37872349878742934,0.4188138763048854,1.0719567444514093,0.3646920056114357
final_path,parkinsons,uniform_iid_nested,majorant,20000617,0.35,256,6,0.024,0.15,0.75,156.21277185911273,0.05314410000000001,0.004791920595156698,0.0015943230000000001,500,3500,0.6857429342731951,0.5027965241290685,34.11876893043518,1.0,5,"frequency,jitter,shimmer,noise_tone,nonlinear",20001394.0,9de380655078aaef,0.0,0.0,False,256,64.0,,0.3882007366074452,0.3450520412115799,0.40344986060988974,1.4493730423686737,0.3419847491034314,0.4683075992229705,1.8820135895868815,0.41427951069230734,0.5453680514452841,1.5657650476972764,0.5134754205819018
final_path,parkinsons,uniform_iid_nested,majorant,20000618,0.35,256,6,0.024,0.15,0.75,141.68530981352717,0.05314410000000001,0.004791920595156698,0.0015943230000000001,500,3500,0.637702464912276,0.5275094517481034,38.82351326942444,1.0,5,"frequency,jitter,shimmer,noise_tone,nonlinear",20001395.0,a4690a8fc66f0f19,0.0,0.0,False,256,64.0,,0.40344686424071924,0.36348846839956006,0.40889067602208334,1.346096632694806,0.35972569116900227,0.539447176037934,1.446830467872861,0.4782303912781869,0.3960082199819876,1.3225061771021398,0.32657164693595586
