comparison,dataset,sampling_policy,model,split_seed,epsilon,N,stage_index,alpha0,lambda_l1,lmaj_factor,Lmaj,eps_tol_k,mu_k,stepsize,inner_steps_per_stage,actual_update_count,train_objective,stationarity_proxy,runtime_sec,x_box,m_groups,group_names,bank_seed,bank_hash,init_w_norm,init_b,failed,source_config_N,warm_start_from_N,checkpoint_path,tr_sampled_robust_loss,tr_sampled_mean_loss,tr_robust_loss,tr_cvar_loss,tr_clean_loss,val_robust_loss,val_cvar_loss,val_clean_loss,te_robust_loss,te_cvar_loss,te_clean_loss
final_path,breast,uniform_iid_nested,direct,202600,0.15,1,0,0.0075,0.001,,,0.1,0.07213475204444818,0.0075,600,600,0.1277573031876463,0.09193975928947552,0.14162206649780273,2.0,5,"size,texture,surface,irregularity,shape",203377.0,a99bcb3863972856,0.0,0.0,False,1,,,0.12219415214734022,0.12219415214734022,0.3435458086665263,1.9620515704421617,0.1317332250623846,0.3812025015367008,2.4328821198172386,0.16455689039070825,0.38355644134974465,2.267308609812781,0.16147020544796137
final_path,breast,uniform_iid_nested,direct,202601,0.15,1,0,0.0075,0.001,,,0.1,0.07213475204444818,0.0075,600,600,0.14207430310042543,0.11149379287027615,0.1573328971862793,2.0,5,"size,texture,surface,irregularity,shape",203378.0,81ae10197de3c9c8,0.0,0.0,False,1,,,0.1364513826514007,0.1364513826514007,0.3398284061016345,2.0395618162440767,0.1392027284339297,0.34317022610451775,2.2960694107377413,0.16050975688315441,0.3145309879534348,1.882180682135554,0.11055797911261923
final_path,breast,uniform_iid_nested,direct,202602,0.15,1,0,0.0075,0.001,,,0.1,0.07213475204444818,0.0075,600,600,0.16854330705985293,0.1201161936090644,0.14648127555847168,2.0,5,"size,texture,surface,irregularity,shape",203379.0,39630bab82e902cb,0.0,0.0,False,1,,,0.16340453053451684,0.16340453053451684,0.29298246386865523,1.8830588813438627,0.15446627741777058,0.20403904602948258,1.55287570619286,0.10644646488878796,0.2950844284662168,2.2099947548792542,0.18652054856523675
final_path,breast,uniform_iid_nested,direct,202603,0.15,1,0,0.0075,0.001,,,0.1,0.07213475204444818,0.0075,600,600,0.1320240594111902,0.10048595538208303,0.1608569622039795,2.0,5,"size,texture,surface,irregularity,shape",203380.0,a19f944d2797c0d1,0.0,0.0,False,1,,,0.12643927010397227,0.12643927010397227,0.34021453309463884,1.9509577634509534,0.13397684341690463,0.3570340103239386,2.2405377010134853,0.16660916129206144,0.33867573138527535,1.8880965269015766,0.13306120109797442
final_path,breast,uniform_iid_nested,direct,202604,0.15,1,0,0.0075,0.001,,,0.1,0.07213475204444818,0.0075,600,600,0.15741527892709717,0.09520884103410922,0.14900779724121094,2.0,5,"size,texture,surface,irregularity,shape",203381.0,08b0814bbc352e36,0.0,0.0,False,1,,,0.1519392176843293,0.1519392176843293,0.3726715869139558,1.9990395239906693,0.1533624240722372,0.3335732057206627,1.8778079051121344,0.127311305208716,0.33682425817990086,2.0384555554725132,0.13481719368158646
final_path,breast,uniform_iid_nested,direct,202600,0.15,2,1,0.01,0.001,,,0.09000000000000001,0.06492127684000336,0.009000000000000001,600,1200,0.14553113788342273,0.04353963484314481,0.19145798683166504,2.0,5,"size,texture,surface,irregularity,shape",203377.0,413f78ec4c89bd84,0.0,0.0,False,2,,,0.0937504237803596,0.09298773613529936,0.3550340098846724,2.4240438257739165,0.09974108093151988,0.3973557941051443,2.9344531532595535,0.1355705538796298,0.4062460082277294,2.830260654643316,0.13464449851337962
final_path,breast,uniform_iid_nested,direct,202601,0.15,2,1,0.01,0.001,,,0.09000000000000001,0.06492127684000336,0.009000000000000001,600,1200,0.15013826801784663,0.051515544210104416,0.20431900024414062,2.0,5,"size,texture,surface,irregularity,shape",203378.0,4c5528b9a6768ace,0.0,0.0,False,2,,,0.09854659780634209,0.0973505890710571,0.3377333691805112,2.685016133443429,0.09927790800770254,0.3905233941511267,3.044449204655981,0.1278378117163338,0.3082312345632848,2.3976148756923576,0.07622355984113997
final_path,breast,uniform_iid_nested,direct,202602,0.15,2,1,0.01,0.001,,,0.09000000000000001,0.06492127684000336,0.009000000000000001,600,1200,0.1622348640354231,0.05934447491821871,0.18941783905029297,2.0,5,"size,texture,surface,irregularity,shape",203379.0,85d8a599c3bddf16,0.0,0.0,False,2,,,0.11411853223252767,0.1098382652604153,0.3005677082739687,2.281273823153944,0.10555777000464754,0.21582903048515137,1.8789318050077775,0.06808079315766284,0.36744879723893115,2.886341038589784,0.15996802516567826
final_path,breast,uniform_iid_nested,direct,202603,0.15,2,1,0.01,0.001,,,0.09000000000000001,0.06492127684000336,0.009000000000000001,600,1200,0.14945564806769177,0.05201308033015249,0.2194209098815918,2.0,5,"size,texture,surface,irregularity,shape",203380.0,f3f0d17901dbd68d,0.0,0.0,False,2,,,0.09940486183512232,0.09668834582437888,0.3658858851961137,2.6025448431809983,0.09479349338756737,0.3848292088084614,3.1205756817825225,0.14788050546961476,0.34281866232285163,2.5222041201788685,0.09213845365450085
final_path,breast,uniform_iid_nested,direct,202604,0.15,2,1,0.01,0.001,,,0.09000000000000001,0.06492127684000336,0.009000000000000001,600,1200,0.16904502835668053,0.04854609503534711,0.2019810676574707,2.0,5,"size,texture,surface,irregularity,shape",203381.0,4be21fef3b71609d,0.0,0.0,False,2,,,0.119639044202221,0.11650647962287036,0.4204906529529611,2.4697118173844146,0.11791055730143363,0.3829566513523638,2.3994742073622706,0.09731942768989495,0.3657675197001873,2.4810236429996033,0.10096107348695556
final_path,breast,uniform_iid_nested,direct,202600,0.15,4,2,0.005,0.0001,,,0.08100000000000002,0.029214574578001515,0.0020250000000000003,600,1800,0.16335789419900762,0.10625883086960203,0.2987551689147949,2.0,5,"size,texture,surface,irregularity,shape",203377.0,1a4c9687376d0b5a,0.0,0.0,False,4,,,0.143880088929683,0.11756868113368973,0.3729213371817398,2.3804557543850278,0.11071605244348012,0.41962320705839146,3.024239974221608,0.1558444718750798,0.4196421806198635,2.76945392244795,0.14507261600035828
final_path,breast,uniform_iid_nested,direct,202601,0.15,4,2,0.005,0.0001,,,0.08100000000000002,0.029214574578001515,0.0020250000000000003,600,1800,0.17176657212490434,0.11059440725105839,0.27951908111572266,2.0,5,"size,texture,surface,irregularity,shape",203378.0,2fc81d608e087665,0.0,0.0,False,4,,,0.14916300760436538,0.12724792543692368,0.3059495670223776,2.2273475958534257,0.11513437394790212,0.33388750911464693,2.5427234360125617,0.1396581506908839,0.28671745516049457,1.991892921905765,0.08867524920818061
final_path,breast,uniform_iid_nested,direct,202602,0.15,4,2,0.005,0.0001,,,0.08100000000000002,0.029214574578001515,0.0020250000000000003,600,1800,0.1748341812016883,0.08898872823174869,0.32227206230163574,2.0,5,"size,texture,surface,irregularity,shape",203379.0,da56f009006fa9b9,0.0,0.0,False,4,,,0.1411566040305748,0.13268026495564667,0.261810849773203,1.9796724030993456,0.12393648634064974,0.19131351474621133,1.635019909805993,0.0825084816898059,0.31340616514673364,2.4369012507660184,0.1674193024601243
final_path,breast,uniform_iid_nested,direct,202603,0.15,4,2,0.005,0.0001,,,0.08100000000000002,0.029214574578001515,0.0020250000000000003,600,1800,0.1707439689240841,0.09699584422959627,0.33482980728149414,2.0,5,"size,texture,surface,irregularity,shape",203380.0,375273785c91851e,0.0,0.0,False,4,,,0.14464389263431987,0.12618641526637336,0.3406122778206882,2.304639130709506,0.11009249045003762,0.35416164369917463,2.681386197329528,0.15126849766513345,0.32534682481056826,2.233661571237475,0.10786136383963126
final_path,breast,uniform_iid_nested,direct,202604,0.15,4,2,0.005,0.0001,,,0.08100000000000002,0.029214574578001515,0.0020250000000000003,600,1800,0.17091257672673404,0.07419562121339149,0.31330323219299316,2.0,5,"size,texture,surface,irregularity,shape",203381.0,57f21572c20a495a,0.0,0.0,False,4,,,0.13465587895399317,0.12960129880507426,0.37699871653722833,2.202949531598503,0.13073116053534362,0.33907966674850787,2.1139623676939783,0.10786407399145743,0.33187989763486664,2.2278012590716747,0.11284630382907532
final_path,breast,uniform_iid_nested,direct,202600,0.15,8,3,0.005,0.001,,,0.0729,0.017528744746800908,0.0012150000000000002,600,2400,0.1623965388182448,0.09534406087990303,0.49177002906799316,2.0,5,"size,texture,surface,irregularity,shape",203377.0,c0a927fa993a01f4,0.0,0.0,False,8,,,0.1333974363681562,0.1156392717826528,0.3710708641595887,2.432660452017972,0.10786220879193337,0.4167202791248741,3.094070701718273,0.1538641402568236,0.41779790361167163,2.8527259613864224,0.1424325423495461
final_path,breast,uniform_iid_nested,direct,202601,0.15,8,3,0.005,0.001,,,0.0729,0.017528744746800908,0.0012150000000000002,600,2400,0.17552093437646912,0.06491179491738795,0.5279479026794434,2.0,5,"size,texture,surface,irregularity,shape",203378.0,35e729a46f224d98,0.0,0.0,False,8,,,0.14858888839898268,0.1270534953778938,0.3065800924671491,2.2479864290275695,0.11294730216976154,0.3343467191317085,2.5630609717203705,0.13753065167698073,0.28756144753793084,2.010890239112617,0.08691268708238652
final_path,breast,uniform_iid_nested,direct,202602,0.15,8,3,0.005,0.001,,,0.0729,0.017528744746800908,0.0012150000000000002,600,2400,0.1846818011105435,0.08264486381231162,0.4922041893005371,2.0,5,"size,texture,surface,irregularity,shape",203379.0,3b2b0d4b3270e8ca,0.0,0.0,False,8,,,0.16489481585066326,0.13557442363739505,0.2524300380957756,1.947995642128692,0.1204393673886086,0.1831087747740008,1.5852939741308159,0.07929652768031258,0.3025969134822769,2.4301424826464664,0.1666284817056518
final_path,breast,uniform_iid_nested,direct,202603,0.15,8,3,0.005,0.001,,,0.0729,0.017528744746800908,0.0012150000000000002,600,2400,0.1855775588051456,0.07963959691067841,0.6216487884521484,2.0,5,"size,texture,surface,irregularity,shape",203380.0,8655d6c0e0a75fc2,0.0,0.0,False,8,,,0.17159197075764557,0.12632246598230257,0.32856748654106793,2.213402331247306,0.11048852002243917,0.34159390605255646,2.5675910612540456,0.15038523854522345,0.3148405260707183,2.1297865183846363,0.10681536572472854
final_path,breast,uniform_iid_nested,direct,202604,0.15,8,3,0.005,0.001,,,0.0729,0.017528744746800908,0.0012150000000000002,600,2400,0.1697021899014167,0.07320882492172154,0.4719820022583008,2.0,5,"size,texture,surface,irregularity,shape",203381.0,6e8a9a467914b211,0.0,0.0,False,8,,,0.13305140947185443,0.12639921055973713,0.3730561807554348,2.225756467600093,0.12680680528861588,0.33663220784870246,2.1367244940336385,0.10482572922351166,0.32592726426308455,2.2407877874230984,0.10882721258523119
final_path,breast,uniform_iid_nested,direct,202600,0.15,16,4,0.005,0.001,,,0.06561,0.011831902704090612,0.000820125,600,3000,0.15932301333455665,0.08984631919407603,0.9000430107116699,2.0,5,"size,texture,surface,irregularity,shape",203377.0,a676d99e0129d6c5,0.0,0.0,False,16,,,0.1374438636277195,0.11401063401568778,0.35578889236016725,2.4077309848717228,0.10450376313258021,0.39943713598831637,3.0462466694241246,0.1483356193628829,0.40297820117811395,2.842052748545361,0.13836322650633195
final_path,breast,uniform_iid_nested,direct,202601,0.15,16,4,0.005,0.001,,,0.06561,0.011831902704090612,0.000820125,600,3000,0.16737611454500767,0.061122904471390294,0.9010739326477051,2.0,5,"size,texture,surface,irregularity,shape",203378.0,26390ac6adc45a97,0.0,0.0,False,16,,,0.14683584964718038,0.12144783562278091,0.30831523871206284,2.2734483861321433,0.11082669728649744,0.3338188451389032,2.589357353590191,0.13552082735967855,0.289416582873612,2.0341012087537216,0.08527882759333164
final_path,breast,uniform_iid_nested,direct,202602,0.15,16,4,0.005,0.001,,,0.06561,0.011831902704090612,0.000820125,600,3000,0.17530048385911715,0.07570500845548682,0.9851651191711426,2.0,5,"size,texture,surface,irregularity,shape",203379.0,444a964abdafa510,0.0,0.0,False,16,,,0.1602327858485909,0.12789759954399893,0.24794812692794804,1.9398151176942142,0.11775896050830774,0.17817145484614444,1.5693671918306393,0.07690477653349725,0.2975477419556747,2.4405648798750916,0.16573182922617172
final_path,breast,uniform_iid_nested,direct,202603,0.15,16,4,0.005,0.001,,,0.06561,0.011831902704090612,0.000820125,600,3000,0.18829841449886436,0.08960249433602402,1.052304983139038,2.0,5,"size,texture,surface,irregularity,shape",203380.0,c85a9ae56d553b40,0.0,0.0,False,16,,,0.1740327426589808,0.1247892855814052,0.31251270302259976,2.1724206399317363,0.10897670373730564,0.3264756172499002,2.529992742688099,0.14953030009647833,0.29901256160166567,2.08780538822306,0.10494830156920704
final_path,breast,uniform_iid_nested,direct,202604,0.15,16,4,0.005,0.001,,,0.06561,0.011831902704090612,0.000820125,600,3000,0.23520542526839566,0.1842529863990287,0.9561059474945068,2.0,5,"size,texture,surface,irregularity,shape",203381.0,d92975cf6c98be8b,0.0,0.0,False,16,,,0.21628618648874015,0.14960402799236708,0.32676245862557096,2.1161846049267226,0.12312852542648792,0.2947125225133803,2.0297194653377053,0.10390711569899294,0.2836799475870921,2.099501965299181,0.10580100514139586
final_path,breast,uniform_iid_nested,direct,202600,0.15,64,5,0.005,0.001,,,0.05904900000000001,0.007099141622454369,0.0004920750000000001,600,3600,0.19854251835037912,0.20998249615967446,3.2029590606689453,2.0,5,"size,texture,surface,irregularity,shape",203377.0,1d942174c026235c,0.0,0.0,False,64,16.0,in_memory_N16_state,0.19112912303420565,0.11834313774249718,0.35073371361215844,2.4153193612790416,0.10380601405399292,0.39412314179807384,3.0783113830868056,0.14822755053083275,0.39567703408951416,2.882270237275805,0.13771729645174483
final_path,breast,uniform_iid_nested,direct,202601,0.15,64,5,0.005,0.001,,,0.05904900000000001,0.007099141622454369,0.0004920750000000001,600,3600,0.20362506978792094,0.13324754704898162,3.6406919956207275,2.0,5,"size,texture,surface,irregularity,shape",203378.0,2e8813420cb65ad9,0.0,0.0,False,64,16.0,in_memory_N16_state,0.190255760399273,0.12915806723584455,0.28523317157046696,2.2243743620689447,0.11056886131329524,0.3233085537066033,2.532280404908172,0.13378182815164388,0.26386501839045723,1.9685233641838285,0.0835772753627002
final_path,breast,uniform_iid_nested,direct,202602,0.15,64,5,0.005,0.001,,,0.05904900000000001,0.007099141622454369,0.0004920750000000001,600,3600,0.18331681364783092,0.13790749188189944,3.6320159435272217,2.0,5,"size,texture,surface,irregularity,shape",203379.0,9b455f700a0bb3d7,0.0,0.0,False,64,16.0,in_memory_N16_state,0.17521215941780519,0.12665968317251797,0.2383335221830187,1.8947070100345857,0.1172248626886569,0.16889459133463217,1.5167778955062292,0.0762432817335627,0.28485775531529905,2.3995081314311935,0.16660153863707983
final_path,breast,uniform_iid_nested,direct,202603,0.15,64,5,0.005,0.001,,,0.05904900000000001,0.007099141622454369,0.0004920750000000001,600,3600,0.20841660877317808,0.18608406236182554,4.19750189781189,2.0,5,"size,texture,surface,irregularity,shape",203380.0,3c7c1c973d8cdf08,0.0,0.0,False,64,16.0,in_memory_N16_state,0.2011572860390938,0.1219118395232189,0.3004889846291339,2.1637119127743976,0.10838607727407211,0.31341591996004375,2.505505051175015,0.1487443976574718,0.2867229169060473,2.0640053346865312,0.10382993910819649
final_path,breast,uniform_iid_nested,direct,202604,0.15,64,5,0.005,0.001,,,0.05904900000000001,0.007099141622454369,0.0004920750000000001,600,3600,0.22685334864797993,0.1791395092752019,3.621029853820801,2.0,5,"size,texture,surface,irregularity,shape",203381.0,2c0666dc17aa0bed,0.0,0.0,False,64,16.0,in_memory_N16_state,0.21286066950048232,0.14089485236261906,0.31791223006865293,2.117310705437837,0.12145060295638294,0.2869238349922997,2.029858360196147,0.1025406965175902,0.2770812415091342,2.104318787571733,0.10479537935559208
final_path,breast,uniform_iid_nested,direct,202600,0.15,256,6,0.005,0.001,,,0.05314410000000001,0.004791920595156698,0.000332150625,600,4200,0.2501326225924626,0.3443743732789785,13.506616830825806,2.0,5,"size,texture,surface,irregularity,shape",203377.0,26272fa53e9d9550,0.0,0.0,False,256,64.0,,0.2427817948860069,0.11921262981871096,0.3152895165955106,2.2542231999621727,0.10243231821754152,0.35145106327508335,2.8446604514524814,0.1407365407392638,0.3594495625679996,2.710762612935618,0.13419335926278725
final_path,breast,uniform_iid_nested,direct,202601,0.15,256,6,0.005,0.001,,,0.05314410000000001,0.004791920595156698,0.000332150625,600,4200,0.21768395325112228,0.1267662123479918,15.274224042892456,2.0,5,"size,texture,surface,irregularity,shape",203378.0,b00209388958222a,0.0,0.0,False,256,64.0,,0.20764642370123476,0.12633174503662747,0.2815433848812514,2.1973575123085083,0.1105227232756972,0.3177624137590443,2.4953301451816396,0.13298161568184064,0.25634574915895053,1.9329198566919972,0.08297803204052122
final_path,breast,uniform_iid_nested,direct,202602,0.15,256,6,0.005,0.001,,,0.05314410000000001,0.004791920595156698,0.000332150625,600,4200,0.19353136619421718,0.1220721807618194,15.349669218063354,2.0,5,"size,texture,surface,irregularity,shape",203379.0,a49908f6a46053a4,0.0,0.0,False,256,64.0,,0.18167599858984768,0.12845203894011906,0.2339248103836682,1.878247801060776,0.11681651770658233,0.1703505886043135,1.5096008565324848,0.07663147854331437,0.28639677212247233,2.379204560555204,0.16626051923716045
final_path,breast,uniform_iid_nested,direct,202603,0.15,256,6,0.005,0.001,,,0.05314410000000001,0.004791920595156698,0.000332150625,600,4200,0.2358341708053225,0.2792391697838791,17.152109146118164,2.0,5,"size,texture,surface,irregularity,shape",203380.0,cf9b9cfeb1bbcb68,0.0,0.0,False,256,64.0,,0.22923794775469483,0.12291476739425071,0.27540032376374823,2.056418230179829,0.10816371415560118,0.28902224139297755,2.371196077957687,0.146913380978001,0.265267623576378,1.9553464057457284,0.10342718994441935
final_path,breast,uniform_iid_nested,direct,202604,0.15,256,6,0.005,0.001,,,0.05314410000000001,0.004791920595156698,0.000332150625,600,4200,0.23688277441594377,0.22311145292028006,14.68647813796997,2.0,5,"size,texture,surface,irregularity,shape",203381.0,667a12523a66f890,0.0,0.0,False,256,64.0,,0.22925242981843655,0.13879514822148153,0.2955970611291329,2.0520822838580104,0.12080789311641786,0.2665438505825524,1.955371445658485,0.1030706573101046,0.2569218834092778,2.0237710376566276,0.1043054289947129
final_path,breast,uniform_iid_nested,direct,202600,0.25,1,0,0.005,0.001,,,0.1,0.07213475204444818,0.005,600,600,0.15224209592686447,0.1283473053302331,0.16321396827697754,2.0,5,"size,texture,surface,irregularity,shape",203377.0,ff4cefec58843559,0.0,0.0,False,1,,,0.14752494247138678,0.14752494247138678,0.5820684805902369,2.6610220785187337,0.15922225060194992,0.6153456380809935,3.217760655589528,0.19173907696967707,0.614968541940466,2.9954761299125323,0.18817906708546542
final_path,breast,uniform_iid_nested,direct,202601,0.25,1,0,0.005,0.001,,,0.1,0.07213475204444818,0.005,600,600,0.1629296693548224,0.15108825635953027,0.1530439853668213,2.0,5,"size,texture,surface,irregularity,shape",203378.0,cdbca413b3824514,0.0,0.0,False,1,,,0.1581644623837392,0.1581644623837392,0.6980442847089073,2.980199100808632,0.17257017518218556,0.6750908360987332,3.17653442272931,0.19275110931223235,0.649303520428101,2.8826397833537065,0.14282277943844637
final_path,breast,uniform_iid_nested,direct,202602,0.25,1,0,0.005,0.001,,,0.1,0.07213475204444818,0.005,600,600,0.19966857011164316,0.1600455293009594,0.16287708282470703,2.0,5,"size,texture,surface,irregularity,shape",203379.0,5b169b788ff5e8df,0.0,0.0,False,1,,,0.19520712906626683,0.19520712906626683,0.5160304657231288,2.6479013097361666,0.19790184078884251,0.3922150093959964,2.2377128103476838,0.14189338238745725,0.4867037078167533,2.761967857085154,0.21710380549629535
final_path,breast,uniform_iid_nested,direct,202603,0.25,1,0,0.005,0.001,,,0.1,0.07213475204444818,0.005,600,600,0.15547659674596637,0.13685674604528952,0.16707706451416016,2.0,5,"size,texture,surface,irregularity,shape",203380.0,63d64454aa5a6438,0.0,0.0,False,1,,,0.15073639697895017,0.15073639697895017,0.5781976758839972,2.6809330114559784,0.16087212156051012,0.59607246587204,2.8963205667360263,0.18931792210838214,0.5863645128501308,2.601556484628721,0.16114338886375199
final_path,breast,uniform_iid_nested,direct,202604,0.25,1,0,0.005,0.001,,,0.1,0.07213475204444818,0.005,600,600,0.19372024371029897,0.12961371931210028,0.14520812034606934,2.0,5,"size,texture,surface,irregularity,shape",203381.0,6259540acc86d0a1,0.0,0.0,False,1,,,0.18908963312780308,0.18908963312780308,0.7170477308265134,2.9990165176830845,0.1845490597346067,0.6604628646002086,2.821168341457301,0.15471096449676966,0.6693005163950847,3.114757826951431,0.1669607488753348
final_path,breast,uniform_iid_nested,direct,202600,0.25,2,1,0.0075,0.001,,,0.09000000000000001,0.06492127684000336,0.00675,600,1200,0.1582195243210945,0.05550390232358092,0.2141740322113037,2.0,5,"size,texture,surface,irregularity,shape",203377.0,74ffd2aa9024de88,0.0,0.0,False,2,,,0.10748194469777952,0.10642272960958223,0.6816485365773957,3.586674309381122,0.11454298886560138,0.7124326903471231,4.232310383265374,0.1545802806957454,0.7317102962639671,4.067628042234785,0.15446260756133365
final_path,breast,uniform_iid_nested,direct,202601,0.25,2,1,0.0075,0.001,,,0.09000000000000001,0.06492127684000336,0.00675,600,1200,0.15986366692737866,0.0648360910171259,0.22436213493347168,2.0,5,"size,texture,surface,irregularity,shape",203378.0,3cd818e00fa471b8,0.0,0.0,False,2,,,0.11027012342650758,0.10775862069700529,0.8692250431874982,4.415151162632943,0.11411483609065358,0.8735299758374847,4.694252267913879,0.13973305353198623,0.7831846102435327,4.164548515778067,0.09025922893611961
final_path,breast,uniform_iid_nested,direct,202602,0.25,2,1,0.0075,0.001,,,0.09000000000000001,0.06492127684000336,0.00675,600,1200,0.18182313200042294,0.07736187127030181,0.1892390251159668,2.0,5,"size,texture,surface,irregularity,shape",203379.0,3cd82bb42599ed34,0.0,0.0,False,2,,,0.1332405051502994,0.13024524394718784,0.5901791084200794,3.451656888677035,0.12546260860573857,0.4661628995242174,2.9984800188254748,0.08110216215929762,0.6344805701607751,3.882408318850448,0.1679994619019405
final_path,breast,uniform_iid_nested,direct,202603,0.25,2,1,0.0075,0.001,,,0.09000000000000001,0.06492127684000336,0.00675,600,1200,0.16146840447277716,0.06450160241515843,0.22164702415466309,2.0,5,"size,texture,surface,irregularity,shape",203380.0,7d95ab38b5c57473,0.0,0.0,False,2,,,0.11004768493078948,0.10952025362274717,0.7687766082050267,4.056246085274173,0.10972350429273997,0.784179696573555,4.497296608847472,0.15903858286749495,0.7542093978345169,3.95254785955481,0.10590145526254464
final_path,breast,uniform_iid_nested,direct,202604,0.25,2,1,0.0075,0.001,,,0.09000000000000001,0.06492127684000336,0.00675,600,1200,0.193693012519401,0.06356389551195757,0.21640300750732422,2.0,5,"size,texture,surface,irregularity,shape",203381.0,4452329a9220b4ac,0.0,0.0,False,2,,,0.14693874906625182,0.14192879080868787,0.9417760509473695,3.882174384197582,0.13907784677531781,0.8733622873814431,3.7937304734674466,0.11628599335836066,0.8430803548718,3.943744266618779,0.11926912551100194
final_path,breast,uniform_iid_nested,direct,202600,0.25,4,2,0.005,0.001,,,0.08100000000000002,0.029214574578001515,0.0020250000000000003,600,1800,0.17941792592484335,0.09490015169457294,0.2999720573425293,2.0,5,"size,texture,surface,irregularity,shape",203377.0,c0048f255ee57dda,0.0,0.0,False,4,,,0.1464458175417641,0.13078559374005488,0.8626750179044198,4.065206146275925,0.1234785319798869,0.8795670497474565,4.86399042178047,0.17802501649809735,0.8993678582962976,4.4902901725273905,0.16178528171682846
final_path,breast,uniform_iid_nested,direct,202601,0.25,4,2,0.005,0.001,,,0.08100000000000002,0.029214574578001515,0.0020250000000000003,600,1800,0.19049630352927613,0.13556204353610338,0.32953906059265137,2.0,5,"size,texture,surface,irregularity,shape",203378.0,101212c75b8374a4,0.0,0.0,False,4,,,0.16456209614129308,0.13872554682035065,0.6645966830520497,3.579512839111402,0.12272430128348943,0.7202371626784687,3.8515274880697663,0.14956019667218254,0.6299816002178794,3.4219760424071226,0.09857457383281053
final_path,breast,uniform_iid_nested,direct,202602,0.25,4,2,0.005,0.001,,,0.08100000000000002,0.029214574578001515,0.0020250000000000003,600,1800,0.19371459955010634,0.09900714432088491,0.2830052375793457,2.0,5,"size,texture,surface,irregularity,shape",203379.0,e43cd3f72e6c38a7,0.0,0.0,False,4,,,0.15882109291202606,0.14619268429174043,0.4752174008892936,2.9635680915355707,0.13537841844163243,0.3763641627353579,2.559865147902545,0.09031636058201646,0.5107589726794624,3.3519208167009644,0.17491653770878166
final_path,breast,uniform_iid_nested,direct,202603,0.25,4,2,0.005,0.001,,,0.08100000000000002,0.029214574578001515,0.0020250000000000003,600,1800,0.2008767891441313,0.13076831551491652,0.32500123977661133,2.0,5,"size,texture,surface,irregularity,shape",203380.0,3452fad758f6672a,0.0,0.0,False,4,,,0.17464303968129669,0.1437732508950674,0.6873057466498037,3.655468310635454,0.11683824885417113,0.694635634108578,3.9285247606242404,0.15540696526669256,0.6713252845024763,3.5761500362517147,0.11366821248644002
final_path,breast,uniform_iid_nested,direct,202604,0.25,4,2,0.005,0.001,,,0.08100000000000002,0.029214574578001515,0.0020250000000000003,600,1800,0.1924927310470556,0.07239948250052423,0.30266284942626953,2.0,5,"size,texture,surface,irregularity,shape",203381.0,4e043c3a201cf734,0.0,0.0,False,4,,,0.15588139636338372,0.14505459613055482,0.8591177696691353,3.6484410452083784,0.14373390473429987,0.7927790803967967,3.547258587668116,0.11974030790405492,0.7716851934230108,3.7037637180509684,0.12390446001212828
final_path,breast,uniform_iid_nested,direct,202600,0.25,8,3,0.005,0.001,,,0.0729,0.017528744746800908,0.0012150000000000002,600,2400,0.17348022917798606,0.10315933389193312,0.48077893257141113,2.0,5,"size,texture,surface,irregularity,shape",203377.0,ccec5a4008ee32fc,0.0,0.0,False,8,,,0.14365115866201436,0.12699818554413486,0.8449812315533123,4.102016779166016,0.11726324007309816,0.8559543130964422,4.883841332812876,0.16956257817031817,0.8842080050579183,4.530857929777323,0.15476293435278626
final_path,breast,uniform_iid_nested,direct,202601,0.25,8,3,0.005,0.001,,,0.0729,0.017528744746800908,0.0012150000000000002,600,2400,0.21838011551941927,0.09652026876661961,0.4901590347290039,2.0,5,"size,texture,surface,irregularity,shape",203378.0,666521204644e3b3,0.0,0.0,False,8,,,0.2064058133670811,0.148655304239385,0.6633484827625649,3.5389905975861433,0.12118381066447355,0.6839319956924036,3.7712571416192087,0.14526030464772813,0.6208003804477976,3.3404027345485616,0.09621566511316879
final_path,breast,uniform_iid_nested,direct,202602,0.25,8,3,0.005,0.001,,,0.0729,0.017528744746800908,0.0012150000000000002,600,2400,0.22736635747867762,0.16092334954865625,0.49081993103027344,2.0,5,"size,texture,surface,irregularity,shape",203379.0,8b41e6b6e19144a7,0.0,0.0,False,8,,,0.21472632569874223,0.16133419470452187,0.36063140028627216,2.5633717575942905,0.13445144192939326,0.29254804961812564,2.1314760012096836,0.08875729978721042,0.39253425566028494,2.9749454362010046,0.1791307770215709
final_path,breast,uniform_iid_nested,direct,202603,0.25,8,3,0.005,0.001,,,0.0729,0.017528744746800908,0.0012150000000000002,600,2400,0.2504738011859036,0.236603928430602,0.5935580730438232,2.0,5,"size,texture,surface,irregularity,shape",203380.0,2019dd80141c26ac,0.0,0.0,False,8,,,0.2423053299645049,0.1530737138673075,0.5278485784324218,2.958179118265891,0.12704476312979057,0.5321336252404641,3.123204759310109,0.1577724200002846,0.5197518481490064,2.8167390443533384,0.11890459629171193
final_path,breast,uniform_iid_nested,direct,202604,0.25,8,3,0.005,0.001,,,0.0729,0.017528744746800908,0.0012150000000000002,600,2400,0.18302282778790235,0.07393403848608097,0.5324461460113525,2.0,5,"size,texture,surface,irregularity,shape",203381.0,8addd63ec67e2830,0.0,0.0,False,8,,,0.1555537191735588,0.13824231303544077,0.8526145033815744,3.6975914518993624,0.1375535797587811,0.7865051438240763,3.604236908359008,0.11458529178875641,0.7597919278344069,3.7479901891125764,0.1176584257018955
final_path,breast,uniform_iid_nested,direct,202600,0.25,16,4,0.005,0.001,,,0.06561,0.011831902704090612,0.000820125,600,3000,0.19251530096460562,0.1431878449954464,1.0036182403564453,2.0,5,"size,texture,surface,irregularity,shape",203377.0,8f56bd70042af210,0.0,0.0,False,16,,,0.17862999529130008,0.12951169014588676,0.6836282933562361,3.677664532680308,0.10936405901393632,0.6977629698092518,4.338232324057611,0.15073427919409946,0.7297411761675516,4.1234191168021335,0.14389439033745005
final_path,breast,uniform_iid_nested,direct,202601,0.25,16,4,0.005,0.001,,,0.06561,0.011831902704090612,0.000820125,600,3000,0.2111953022678135,0.07876917254563816,0.9481611251831055,2.0,5,"size,texture,surface,irregularity,shape",203378.0,6a4d678d0f1786f0,0.0,0.0,False,16,,,0.19985151495791684,0.14388930221182783,0.6633119756754725,3.5195801762154004,0.12024395690750728,0.6677081127130696,3.734652300336458,0.14299448119474517,0.6177950338146078,3.3077373520596534,0.0949741530713141
final_path,breast,uniform_iid_nested,direct,202602,0.25,16,4,0.005,0.001,,,0.06561,0.011831902704090612,0.000820125,600,3000,0.21301677722843632,0.11926317697864945,0.9576959609985352,2.0,5,"size,texture,surface,irregularity,shape",203379.0,077ebfef4c5c0766,0.0,0.0,False,16,,,0.20146056856676794,0.1511184639214711,0.34217631112590413,2.4857735840265818,0.13370828125706324,0.279929620308615,2.0408418150845566,0.08796616730958248,0.37736641842109203,2.9243615659357958,0.18060341449745684
final_path,breast,uniform_iid_nested,direct,202603,0.25,16,4,0.005,0.001,,,0.06561,0.011831902704090612,0.000820125,600,3000,0.239731950983743,0.1640934573393707,1.0353469848632812,2.0,5,"size,texture,surface,irregularity,shape",203380.0,283337aba8eec222,0.0,0.0,False,16,,,0.22412716421134882,0.15475708485807166,0.4987130870450182,2.8754273645800033,0.12972835556771406,0.5045759992213166,3.036932520803814,0.16018506560939197,0.4939336635310643,2.6852910699072443,0.12071939898059647
final_path,breast,uniform_iid_nested,direct,202604,0.25,16,4,0.005,0.001,,,0.06561,0.011831902704090612,0.000820125,600,3000,0.35092674069762503,0.32100105493082426,0.954643964767456,2.0,5,"size,texture,surface,irregularity,shape",203381.0,312fe2caef88a173,0.0,0.0,False,16,,,0.33570105433379815,0.1950339129407619,0.5613652756362658,2.981356664313373,0.1353401830842821,0.5108281338384406,2.8991619912664017,0.11849359862457248,0.49954894688976076,2.954112863908465,0.11728041814154239
final_path,breast,uniform_iid_nested,direct,202600,0.25,64,5,0.005,0.001,,,0.05904900000000001,0.007099141622454369,0.0004920750000000001,600,3600,0.2986123351294239,0.1999229845670488,4.164166688919067,2.0,5,"size,texture,surface,irregularity,shape",203377.0,554e26cb1fbe55cd,0.0,0.0,False,64,16.0,in_memory_N16_state,0.28900584486416003,0.14681602826511864,0.6517828029984242,3.5459111660097755,0.11150492844851266,0.6647270349354131,4.2081873274294255,0.15292752673723706,0.6945809275998848,4.00040750433216,0.14577032521544916
final_path,breast,uniform_iid_nested,direct,202601,0.25,64,5,0.005,0.001,,,0.05904900000000001,0.007099141622454369,0.0004920750000000001,600,3600,0.2917743858637605,0.25176499751300974,3.651988983154297,2.0,5,"size,texture,surface,irregularity,shape",203378.0,0e3bd02bee1a805a,0.0,0.0,False,64,16.0,in_memory_N16_state,0.27992038172721617,0.16297746349229703,0.5289119059417462,3.232628199719563,0.12267265696956678,0.5906908679341357,3.433638844691622,0.14019937639062022,0.48734447027378824,2.9785843860183667,0.09299050710609878
final_path,breast,uniform_iid_nested,direct,202602,0.25,64,5,0.005,0.001,,,0.05904900000000001,0.007099141622454369,0.0004920750000000001,600,3600,0.2278620788615056,0.201881887885507,3.6134488582611084,2.0,5,"size,texture,surface,irregularity,shape",203379.0,6f93b45fef4eea4b,0.0,0.0,False,64,16.0,in_memory_N16_state,0.2199171588544233,0.15271084562159387,0.35864642371818745,2.579317850868019,0.13663938770933726,0.2992789937260706,2.1277205621782294,0.09031124987513145,0.3917900366174126,3.041317956409143,0.1852721708762764
final_path,breast,uniform_iid_nested,direct,202603,0.25,64,5,0.005,0.001,,,0.05904900000000001,0.007099141622454369,0.0004920750000000001,600,3600,0.2960181593705308,0.3431265211059095,4.141097068786621,2.0,5,"size,texture,surface,irregularity,shape",203380.0,bf1937cc2a308e0d,0.0,0.0,False,64,16.0,in_memory_N16_state,0.2874561980511726,0.15214046018345556,0.44907215657573146,2.7200145618179685,0.12704221757098275,0.4595061524674126,2.975212788282858,0.16156087035201286,0.43725239867225607,2.5422292946634006,0.11872966354757178
final_path,breast,uniform_iid_nested,direct,202604,0.25,64,5,0.005,0.001,,,0.05904900000000001,0.007099141622454369,0.0004920750000000001,600,3600,0.3222169114579759,0.28733216395991523,3.6473028659820557,2.0,5,"size,texture,surface,irregularity,shape",203381.0,7812c294aa40502a,0.0,0.0,False,64,16.0,in_memory_N16_state,0.3098309923323505,0.1773756350204266,0.5265866242221611,2.883014332467063,0.13504649493305868,0.47982797309491837,2.801776371915535,0.11907062760446452,0.47371547014457543,2.882312519609876,0.11797356450598083
final_path,breast,uniform_iid_nested,direct,202600,0.25,256,6,0.005,0.001,,,0.05314410000000001,0.004791920595156698,0.000332150625,600,4200,0.35631328609293533,0.6508502907638455,15.878667116165161,2.0,5,"size,texture,surface,irregularity,shape",203377.0,e8e163f1401745f8,0.0,0.0,False,256,64.0,,0.3466581553040479,0.14948875871229528,0.475389354606432,2.908856552099285,0.11293918478385195,0.48239810633793584,3.4157567342250883,0.14192955511252586,0.5186317691296713,3.319569884796774,0.14192898189237324
final_path,breast,uniform_iid_nested,direct,202601,0.25,256,6,0.005,0.001,,,0.05314410000000001,0.004791920595156698,0.000332150625,600,4200,0.3183356264951898,0.309126690584877,15.019656896591187,2.0,5,"size,texture,surface,irregularity,shape",203378.0,7e3704fc10afb29d,0.0,0.0,False,256,64.0,,0.3094115916464517,0.1553125659038649,0.47548082419124227,2.975033636646269,0.1240651982536788,0.5311596381524647,3.1527025706811984,0.1401234206633831,0.42091335195864277,2.7025086035798,0.0925887313786052
final_path,breast,uniform_iid_nested,direct,202602,0.25,256,6,0.005,0.001,,,0.05314410000000001,0.004791920595156698,0.000332150625,600,4200,0.2618408413431162,0.3374830938857088,14.535864114761353,2.0,5,"size,texture,surface,irregularity,shape",203379.0,538cd0d641184a44,0.0,0.0,False,256,64.0,,0.2524206425825715,0.15623146858382092,0.32291675959686056,2.29520501209709,0.13622046295936566,0.26525177241531744,1.889616803718467,0.09214091180062262,0.3557843297901738,2.7239881556662575,0.18231087823601771
final_path,breast,uniform_iid_nested,direct,202603,0.25,256,6,0.005,0.001,,,0.05314410000000001,0.004791920595156698,0.000332150625,600,4200,0.29309694084478316,0.40456539857741824,17.136473655700684,2.0,5,"size,texture,surface,irregularity,shape",203380.0,f9553dae4a57e7f4,0.0,0.0,False,256,64.0,,0.28534412456598723,0.1556317779402417,0.34838044235830146,2.3221971833952417,0.13023345604598616,0.3617856147417267,2.5189098659555103,0.1616615494188246,0.34472622353394494,2.1275236910065014,0.1218611826928172
final_path,breast,uniform_iid_nested,direct,202604,0.25,256,6,0.005,0.001,,,0.05314410000000001,0.004791920595156698,0.000332150625,600,4200,0.3336589254939678,0.33148502142247127,14.649159908294678,2.0,5,"size,texture,surface,irregularity,shape",203381.0,1823bfa58729973b,0.0,0.0,False,256,64.0,,0.3238771559853309,0.17552930012534085,0.446354218574273,2.610304169750268,0.13691446434802643,0.39972806828543783,2.4952319582514533,0.12337169704050174,0.39518571409093733,2.5782727157182443,0.12024509734818314
final_path,breast,uniform_iid_nested,direct,202600,0.35,1,0,0.005,0.001,,,0.1,0.07213475204444818,0.005,600,600,0.15795665610811702,0.12995089688963538,0.1694347858428955,2.0,5,"size,texture,surface,irregularity,shape",203377.0,c9c1eec1a4a19758,0.0,0.0,False,1,,,0.1533532817559602,0.1533532817559602,0.8217762877391157,3.4027735693351318,0.1659809983949298,0.8464780006843671,4.0062755806407475,0.1987389772840011,0.8470648277175864,3.7886493346876464,0.19706628051693548
final_path,breast,uniform_iid_nested,direct,202601,0.35,1,0,0.005,0.001,,,0.1,0.07213475204444818,0.005,600,600,0.1574299656193614,0.1464216900515931,0.13928985595703125,2.0,5,"size,texture,surface,irregularity,shape",203378.0,c7619759a073986d,0.0,0.0,False,1,,,0.1526756445538568,0.1526756445538568,1.2145604491142532,4.241247347783791,0.1789494857469973,1.166181435519605,4.396185557927972,0.20088784519117403,1.1391222078602299,4.173261056624166,0.15112346432909637
final_path,breast,uniform_iid_nested,direct,202602,0.35,1,0,0.005,0.001,,,0.1,0.07213475204444818,0.005,600,600,0.1972888813483403,0.15942516433227272,0.14278411865234375,2.0,5,"size,texture,surface,irregularity,shape",203379.0,d6f4c94f0f9aa96f,0.0,0.0,False,1,,,0.19274913940818472,0.19274913940818472,0.7920547472793936,3.646779260868366,0.20710489235312113,0.6293673549298041,3.14848799547392,0.14779983309885328,0.7366081373283059,3.6264512986272734,0.22398739449350627
final_path,breast,uniform_iid_nested,direct,202603,0.35,1,0,0.005,0.001,,,0.1,0.07213475204444818,0.005,600,600,0.15807774087401827,0.13808644121765348,0.14199495315551758,2.0,5,"size,texture,surface,irregularity,shape",203380.0,5311c9915bc2fb98,0.0,0.0,False,1,,,0.15338642468534908,0.15338642468534908,0.8738996547566331,3.5623616454285867,0.16471853771387032,0.8961561846707082,3.727735625501636,0.1931801704790495,0.9006322228543194,3.4690379595015,0.16522950271273856
final_path,breast,uniform_iid_nested,direct,202604,0.35,1,0,0.005,0.001,,,0.1,0.07213475204444818,0.005,600,600,0.21174441749014128,0.13211444369148237,0.14786386489868164,2.0,5,"size,texture,surface,irregularity,shape",203381.0,216757660814455c,0.0,0.0,False,1,,,0.20719757631607225,0.20719757631607225,1.2395599747696586,4.305467728899004,0.19289168517947686,1.1723160081721606,4.1048698794830365,0.16237208977664988,1.1702752103761347,4.472271403904867,0.1750572978325861
final_path,breast,uniform_iid_nested,direct,202600,0.35,2,1,0.005,0.0001,,,0.09000000000000001,0.06492127684000336,0.0045000000000000005,600,1200,0.17069829777694123,0.08047064697983622,0.18580913543701172,2.0,5,"size,texture,surface,irregularity,shape",203377.0,454a08d9d39b78ad,0.0,0.0,False,2,,,0.12543306513536867,0.125076170403451,1.0161528766572425,4.398156633905373,0.13180988013025827,1.0316640232472172,5.11809227728143,0.17416764847818808,1.0478806239013985,4.879418351790126,0.17290026855354151
final_path,breast,uniform_iid_nested,direct,202601,0.35,2,1,0.005,0.0001,,,0.09000000000000001,0.06492127684000336,0.0045000000000000005,600,1200,0.16886393028846838,0.09045261392223612,0.20084500312805176,2.0,5,"size,texture,surface,irregularity,shape",203378.0,54c1bac3f56ea3e8,0.0,0.0,False,2,,,0.12709932364983637,0.12308785660875676,1.5412611990669525,5.70176695306781,0.13602654556683472,1.4830579674445235,5.909857603935573,0.1576532364870419,1.4096778303070934,5.544553049331578,0.10965281502068336
final_path,breast,uniform_iid_nested,direct,202602,0.35,2,1,0.005,0.0001,,,0.09000000000000001,0.06492127684000336,0.0045000000000000005,600,1200,0.2025212322529172,0.10689919871406461,0.24123406410217285,2.0,5,"size,texture,surface,irregularity,shape",203379.0,f901856df22b0c2f,0.0,0.0,False,2,,,0.16008616099373102,0.15682700603412214,1.0216064246476066,4.501974917485197,0.15307579090858953,0.847203951214427,3.995790800864403,0.1007484966001142,0.9961769907191473,4.767379284483048,0.18319761195340914
final_path,breast,uniform_iid_nested,direct,202603,0.35,2,1,0.005,0.0001,,,0.09000000000000001,0.06492127684000336,0.0045000000000000005,600,1200,0.17266978995414797,0.0886474788554863,0.20163202285766602,2.0,5,"size,texture,surface,irregularity,shape",203380.0,9df2b98076b0ef85,0.0,0.0,False,2,,,0.1280345675990931,0.12702296165790214,1.208981792634137,5.091623734716626,0.12862650278677293,1.2263159114932725,5.429393267969085,0.17234068835316926,1.212225394966313,4.967252449895112,0.12496374704439403
final_path,breast,uniform_iid_nested,direct,202604,0.35,2,1,0.005,0.0001,,,0.09000000000000001,0.06492127684000336,0.0045000000000000005,600,1200,0.22165543505401128,0.09023780221083208,0.24242281913757324,2.0,5,"size,texture,surface,irregularity,shape",203381.0,e80fc2fa803daf4c,0.0,0.0,False,2,,,0.18165372489307602,0.17578885058772922,1.4927896742255864,4.9540594752640965,0.16339574526394965,1.412411369742638,4.802387401992324,0.13783410574561833,1.357790614523947,5.020494078379445,0.13934609167309217
final_path,breast,uniform_iid_nested,direct,202600,0.35,4,2,0.005,0.001,,,0.08100000000000002,0.029214574578001515,0.0020250000000000003,600,1800,0.1898309415950876,0.09244759101170553,0.39150500297546387,2.0,5,"size,texture,surface,irregularity,shape",203377.0,b4c4cf7fb3ab193e,0.0,0.0,False,4,,,0.15176154886238905,0.1414695872746703,1.4371564553268628,5.552475935740544,0.13053363407935267,1.4188072279437052,6.358451308737453,0.18724270472988022,1.4497825323960847,5.927904916341844,0.1709165895758057
final_path,breast,uniform_iid_nested,direct,202601,0.35,4,2,0.005,0.001,,,0.08100000000000002,0.029214574578001515,0.0020250000000000003,600,1800,0.20046476840848157,0.15000638543900213,0.3032090663909912,2.0,5,"size,texture,surface,irregularity,shape",203378.0,5c63d96eb508e319,0.0,0.0,False,4,,,0.1701562909153744,0.1478969474288367,1.090769432293692,4.779388778111816,0.13062726168096178,1.1638331622205336,4.968859723428025,0.15752555238627022,1.037653433724302,4.666306984917914,0.10784403589799588
final_path,breast,uniform_iid_nested,direct,202602,0.35,4,2,0.005,0.001,,,0.08100000000000002,0.029214574578001515,0.0020250000000000003,600,1800,0.20470085121442505,0.11328159078727137,0.38678503036499023,2.0,5,"size,texture,surface,irregularity,shape",203379.0,e4c03ff1d104c6f1,0.0,0.0,False,4,,,0.16948274892314663,0.15680785985727683,0.8284948214878746,4.144321952814168,0.14127430987370848,0.7190541351089391,3.6927602220442526,0.09460282225592045,0.8470898170835202,4.443388964478919,0.17863197810703732
final_path,breast,uniform_iid_nested,direct,202603,0.35,4,2,0.005,0.001,,,0.08100000000000002,0.029214574578001515,0.0020250000000000003,600,1800,0.21979849580577338,0.1695217562655044,0.31006288528442383,2.0,5,"size,texture,surface,irregularity,shape",203380.0,049aaf3caef04bef,0.0,0.0,False,4,,,0.19467893924255217,0.15806520237637975,1.129993862984204,4.926370758631635,0.1243352631267234,1.131617113765789,5.104753950464882,0.15967822316171393,1.1145241170090887,4.822232561780253,0.12014712678504771
final_path,breast,uniform_iid_nested,direct,202604,0.35,4,2,0.005,0.001,,,0.08100000000000002,0.029214574578001515,0.0020250000000000003,600,1800,0.20970977820202646,0.07494552081086196,0.3127129077911377,2.0,5,"size,texture,surface,irregularity,shape",203381.0,abf5114694116214,0.0,0.0,False,4,,,0.17603652346616003,0.16183988118665663,1.5561974481892304,5.166875938561857,0.15521028278118698,1.4725347602069343,5.039360379071659,0.13129666489306024,1.409997618719895,5.231427048282538,0.13152131968797967
final_path,breast,uniform_iid_nested,direct,202600,0.35,8,3,0.005,0.001,,,0.0729,0.017528744746800908,0.0012150000000000002,600,2400,0.18524994590508573,0.11917301495150781,0.4776170253753662,2.0,5,"size,texture,surface,irregularity,shape",203377.0,2e616c5df335a491,0.0,0.0,False,8,,,0.16314146887221953,0.13583480320539254,1.3632657338019094,5.472835212613325,0.12166551536961916,1.3315337355105392,6.193845460912688,0.17202128089366417,1.3805746463091642,5.827571225250686,0.15919964042770002
final_path,breast,uniform_iid_nested,direct,202601,0.35,8,3,0.005,0.001,,,0.0729,0.017528744746800908,0.0012150000000000002,600,2400,0.2741227506949385,0.15389200482327228,0.48155808448791504,2.0,5,"size,texture,surface,irregularity,shape",203378.0,cb7a6ea29d49a74a,0.0,0.0,False,8,,,0.26423659165359453,0.17555583869616265,1.01930432312793,4.446639233230376,0.134647530549759,1.0259834857125505,4.564777500487271,0.1550985764066057,0.9489689258412696,4.245136935829832,0.10750313306797091
final_path,breast,uniform_iid_nested,direct,202602,0.35,8,3,0.005,0.001,,,0.0729,0.017528744746800908,0.0012150000000000002,600,2400,0.2612234874992787,0.23513941126532154,0.545238733291626,2.0,5,"size,texture,surface,irregularity,shape",203379.0,5bfd2fa8a7e4b698,0.0,0.0,False,8,,,0.24715033617489535,0.18411613515668623,0.5474976907621325,3.1513556146631494,0.14849062359872361,0.4845610291496236,2.6901230175283053,0.10072093301850901,0.5557430532235178,3.535616480830218,0.19177609135999907
final_path,breast,uniform_iid_nested,direct,202603,0.35,8,3,0.005,0.001,,,0.0729,0.017528744746800908,0.0012150000000000002,600,2400,0.2822340385929121,0.23541000123349615,0.5035238265991211,2.0,5,"size,texture,surface,irregularity,shape",203380.0,fbd6eb5e7be40e63,0.0,0.0,False,8,,,0.26937653984281923,0.18228346813320295,0.9749375295651581,4.1750948364973315,0.15318326211320454,0.9782435118987011,4.168936826997329,0.1718594711489044,0.9849924947224166,3.9317732612060916,0.14045668881616308
final_path,breast,uniform_iid_nested,direct,202604,0.35,8,3,0.005,0.001,,,0.0729,0.017528744746800908,0.0012150000000000002,600,2400,0.19958835649558906,0.06802107502638527,0.5298130512237549,2.0,5,"size,texture,surface,irregularity,shape",203381.0,4ccece76c82550eb,0.0,0.0,False,8,,,0.17852610148613257,0.15074173892136128,1.5362696801457028,5.216339306844284,0.1486661762663323,1.4496016675094534,5.084627868697514,0.1252482178276452,1.382811891456562,5.274582214842273,0.12526193451194056
final_path,breast,uniform_iid_nested,direct,202600,0.35,16,4,0.005,0.001,,,0.06561,0.011831902704090612,0.000820125,600,3000,0.23470109783559656,0.1770354290716068,0.9852142333984375,2.0,5,"size,texture,surface,irregularity,shape",203377.0,a7c0a1facb648e84,0.0,0.0,False,16,,,0.22103234503873273,0.1460101750221623,1.0243047098600244,4.738180066201965,0.1140810561943244,1.0037695063301373,5.331650975806849,0.1531549141163087,1.0582843961250117,5.1175004125445955,0.14835247360402048
final_path,breast,uniform_iid_nested,direct,202601,0.35,16,4,0.005,0.001,,,0.06561,0.011831902704090612,0.000820125,600,3000,0.2658064838371308,0.12816174342632525,0.9899799823760986,2.0,5,"size,texture,surface,irregularity,shape",203378.0,1a259ade76888131,0.0,0.0,False,16,,,0.25422908835492763,0.17327839348864127,0.9779520867352143,4.271258479014154,0.13419842968148743,0.9691556058458146,4.356901107753349,0.15220584215287863,0.9069486473628952,4.0391616428581925,0.10574416616538218
final_path,breast,uniform_iid_nested,direct,202602,0.35,16,4,0.005,0.001,,,0.06561,0.011831902704090612,0.000820125,600,3000,0.2405216854602382,0.1451883155021426,0.9421908855438232,2.0,5,"size,texture,surface,irregularity,shape",203379.0,436ee1ad91d80b9d,0.0,0.0,False,16,,,0.22822641407996155,0.1742162918297152,0.5684281281929909,3.167265691137119,0.1501354371483116,0.5118278701554022,2.7387877774231186,0.10300855463933073,0.5746781383155138,3.5788646867326683,0.1944996557212647
final_path,breast,uniform_iid_nested,direct,202603,0.35,16,4,0.005,0.001,,,0.06561,0.011831902704090612,0.000820125,600,3000,0.2636100262883756,0.16397171695677296,0.9427309036254883,2.0,5,"size,texture,surface,irregularity,shape",203380.0,e7cd880ebafa94ee,0.0,0.0,False,16,,,0.2480702772044435,0.1868550750306562,0.9544960309200465,4.108561138483074,0.1581197617872302,0.9589136168390175,4.107187502211717,0.17562593127215786,0.9628104479412586,3.8632832258217658,0.14487681654989717
final_path,breast,uniform_iid_nested,direct,202604,0.35,16,4,0.005,0.001,,,0.06561,0.011831902704090612,0.000820125,600,3000,0.4446242682883071,0.45447178718861697,0.9525930881500244,2.0,5,"size,texture,surface,irregularity,shape",203381.0,672562333877f050,0.0,0.0,False,16,,,0.43474784005306066,0.23711941182503452,0.7350614407364124,3.4357451401593724,0.15218622526234118,0.6744245610691,3.310278374842941,0.13724257375426793,0.6662004163187445,3.408044169579258,0.13258291688361293
final_path,breast,uniform_iid_nested,direct,202600,0.35,64,5,0.005,0.001,,,0.05904900000000001,0.007099141622454369,0.0004920750000000001,600,3600,0.4233341188724379,0.4197411934822436,3.7941370010375977,2.0,5,"size,texture,surface,irregularity,shape",203377.0,e440cbf32aa2bf79,0.0,0.0,False,64,16.0,in_memory_N16_state,0.41444787089734814,0.17876328099796274,0.8253803313981937,4.0545713549723885,0.1226439192219542,0.803572237561261,4.583347723528671,0.1578710220478901,0.8641071117805855,4.381208023764245,0.15462095152317137
final_path,breast,uniform_iid_nested,direct,202601,0.35,64,5,0.005,0.001,,,0.05904900000000001,0.007099141622454369,0.0004920750000000001,600,3600,0.3677090324395988,0.4295132415103495,3.8302321434020996,2.0,5,"size,texture,surface,irregularity,shape",203378.0,cccf5433b1a78f31,0.0,0.0,False,64,16.0,in_memory_N16_state,0.3563213665554986,0.19678526140752978,0.718233894278504,3.6206884028275397,0.1396824289312584,0.7976264186433916,3.7044541844439567,0.15140059318509944,0.6441145239944371,3.3577445084701254,0.10572476432820664
final_path,breast,uniform_iid_nested,direct,202602,0.35,64,5,0.005,0.001,,,0.05904900000000001,0.007099141622454369,0.0004920750000000001,600,3600,0.2748892085171719,0.23868238032282496,3.611464738845825,2.0,5,"size,texture,surface,irregularity,shape",203379.0,b219df5196c2ce59,0.0,0.0,False,64,16.0,in_memory_N16_state,0.26313908934301206,0.17697122267562568,0.5834309432042066,3.195546251233106,0.1533514222239471,0.5244061471382063,2.808025116192256,0.10661630108115565,0.5866012734771244,3.584776940690052,0.19627030104886248
final_path,breast,uniform_iid_nested,direct,202603,0.35,64,5,0.005,0.001,,,0.05904900000000001,0.007099141622454369,0.0004920750000000001,600,3600,0.3605951843005264,0.7121690979551617,3.6222620010375977,2.0,5,"size,texture,surface,irregularity,shape",203380.0,145d8497d5d71d49,0.0,0.0,False,64,16.0,in_memory_N16_state,0.3548790327749756,0.1840093227673081,0.534088573462506,2.8741648866172045,0.15456005520874586,0.5724612368200309,3.0075859881104887,0.17947442100972785,0.5669243262285154,2.640792570518398,0.1424225881257977
final_path,breast,uniform_iid_nested,direct,202604,0.35,64,5,0.005,0.001,,,0.05904900000000001,0.007099141622454369,0.0004920750000000001,600,3600,0.3883132479941592,0.38626422333908733,3.6310770511627197,2.0,5,"size,texture,surface,irregularity,shape",203381.0,37128658c55ce7cc,0.0,0.0,False,64,16.0,in_memory_N16_state,0.3795960689751168,0.2127524961872348,0.636523304886067,3.1013712914267466,0.15663931580866616,0.5864184142591928,3.0139237120411324,0.14336555658031688,0.5838848393565613,3.086986700091176,0.13738833391197824
final_path,breast,uniform_iid_nested,direct,202600,0.35,256,6,0.005,0.001,,,0.05314410000000001,0.004791920595156698,0.000332150625,600,4200,0.40208078397311814,0.5849695366763159,15.894254207611084,2.0,5,"size,texture,surface,irregularity,shape",203377.0,8e6f0730d12ba8d0,0.0,0.0,False,256,64.0,,0.39225690735227065,0.18391287706816628,0.518210098282777,2.968412317335631,0.13037170062121795,0.49066741426605653,3.441878575673556,0.15357456290048407,0.5451997282891081,3.325074454510027,0.1555756717698273
final_path,breast,uniform_iid_nested,direct,202601,0.35,256,6,0.005,0.001,,,0.05314410000000001,0.004791920595156698,0.000332150625,600,4200,0.3825848877963098,0.48884793557573286,15.378818988800049,2.0,5,"size,texture,surface,irregularity,shape",203378.0,5121e3def2e086fe,0.0,0.0,False,256,64.0,,0.37296935072783005,0.1853147381956008,0.6175698061619781,3.1760490433807687,0.1458759282075333,0.6817983880272783,3.2009757868625175,0.1547850949833001,0.5067240583814755,2.851901073826147,0.10708943653029919
final_path,breast,uniform_iid_nested,direct,202602,0.35,256,6,0.005,0.001,,,0.05314410000000001,0.004791920595156698,0.000332150625,600,4200,0.3053994462314429,0.2784936141744928,14.496605157852173,2.0,5,"size,texture,surface,irregularity,shape",203379.0,574aca31a092dec6,0.0,0.0,False,256,64.0,,0.29503359622077646,0.1817256229246519,0.42769003748434586,2.4942340614908316,0.15577466495670653,0.3788540939833937,2.1228030984293254,0.11173988939596526,0.4368279609822742,2.8277979989139723,0.19599153992948343
final_path,breast,uniform_iid_nested,direct,202603,0.35,256,6,0.005,0.001,,,0.05314410000000001,0.004791920595156698,0.000332150625,600,4200,0.3088245462147972,0.45283469559377554,15.045768976211548,2.0,5,"size,texture,surface,irregularity,shape",203380.0,6f297501036fadba,0.0,0.0,False,256,64.0,,0.30065200715217294,0.18523837301669582,0.42513887035806197,2.351148990860335,0.1588812246651614,0.4604529425781542,2.489779525318117,0.18399272835425978,0.44826921039309775,2.122093124756629,0.14728259523409337
final_path,breast,uniform_iid_nested,direct,202604,0.35,256,6,0.005,0.001,,,0.05314410000000001,0.004791920595156698,0.000332150625,600,4200,0.37972327636109127,0.40129199456241665,14.694049835205078,2.0,5,"size,texture,surface,irregularity,shape",203381.0,e49c73ced6469c77,0.0,0.0,False,256,64.0,,0.36736704311467466,0.2104068369199336,0.4948829383778499,2.6549089062209226,0.16298165337792353,0.4473393541430978,2.5095625308421594,0.1521106675415029,0.4420970640884455,2.6114962898154728,0.14416277254599785
erm_clean_path,breast,clean,erm,202600,0.15,1,0,0.015,0.0,,,0.1,0.07213475204444818,0.015,600,600,0.09519820897694417,0.05832684085789822,0.1246652603149414,2.0,5,"size,texture,surface,irregularity,shape",,clean,0.0,0.0,False,1,,,,,0.3173469299218339,2.4145907817147623,0.09514721348708488,0.3637979773332596,2.9928947026264034,0.1341887675507744,0.37029289762522577,2.895469174929404,0.1280873768970425
erm_clean_path,breast,clean,erm,202601,0.15,1,0,0.015,0.0,,,0.1,0.07213475204444818,0.015,600,600,0.10420799068579956,0.06387622851342296,0.12218713760375977,2.0,5,"size,texture,surface,irregularity,shape",,clean,0.0,0.0,False,1,,,,,0.3190701510810839,2.4165573834709386,0.104146828002945,0.33013445110924644,2.7660571112679215,0.12695642641410051,0.29295782223768646,2.144799854538744,0.0785578294124331
erm_clean_path,breast,clean,erm,202602,0.15,1,0,0.015,0.0,,,0.1,0.07213475204444818,0.015,600,600,0.09958510756815568,0.06607184991322816,0.10643362998962402,2.0,5,"size,texture,surface,irregularity,shape",,clean,0.0,0.0,False,1,,,,,0.33661458987248305,2.414828231838622,0.0995196655291533,0.217909874365372,2.0330791457040296,0.06356409536304634,0.3553649533531454,3.0174606581743006,0.15302844293284712
erm_clean_path,breast,clean,erm,202603,0.15,1,0,0.015,0.0,,,0.1,0.07213475204444818,0.015,600,600,0.09596498407022815,0.06421272436372395,0.11850285530090332,2.0,5,"size,texture,surface,irregularity,shape",,clean,0.0,0.0,False,1,,,,,0.3099854553374988,2.402817599502839,0.09590317288438234,0.3237343036231837,2.752020149132328,0.14012651043544097,0.29862422849643777,2.3272197422720384,0.0944354321800144
erm_clean_path,breast,clean,erm,202604,0.15,1,0,0.015,0.0,,,0.1,0.07213475204444818,0.015,600,600,0.1102011259317398,0.06131127806823895,0.12009501457214355,2.0,5,"size,texture,surface,irregularity,shape",,clean,0.0,0.0,False,1,,,,,0.30829543539730764,2.381254591901806,0.11014477761047468,0.27908265545279787,2.2316189207825126,0.08950661702106921,0.2621252672828785,2.2989242329706037,0.09311025022006672
erm_clean_path,breast,clean,erm,202600,0.15,2,1,0.015,0.0,,,0.09000000000000001,0.06492127684000336,0.015,600,1200,0.07792747313087929,0.03347119230124042,0.23887324333190918,2.0,5,"size,texture,surface,irregularity,shape",,clean,0.0,0.0,False,2,1.0,,,,0.32427827530149467,2.8571325473500977,0.0779106737505885,0.3677875395604897,3.479612017726184,0.11589075506265706,0.3795592243885021,3.3468813966576327,0.10877520167866116
erm_clean_path,breast,clean,erm,202601,0.15,2,1,0.015,0.0,,,0.09000000000000001,0.06492127684000336,0.015,600,1200,0.08314840150959103,0.037139122752802935,0.26697301864624023,2.0,5,"size,texture,surface,irregularity,shape",,clean,0.0,0.0,False,2,1.0,,,,0.33587899468309507,2.88264344840768,0.0831277184908142,0.36031032915201866,3.3638563621221187,0.11388957894266906,0.3180646048152662,2.5704705322215595,0.06360095363938786
erm_clean_path,breast,clean,erm,202602,0.15,2,1,0.015,0.0,,,0.09000000000000001,0.06492127684000336,0.015,600,1200,0.07635999508315632,0.03969381264546491,0.22442078590393066,2.0,5,"size,texture,surface,irregularity,shape",,clean,0.0,0.0,False,2,1.0,,,,0.34300804655545514,2.7992334171916062,0.07633636828286633,0.22029199061794874,2.377252088567287,0.04742020718055974,0.4094177668511567,3.63963073284838,0.14762669565955833
erm_clean_path,breast,clean,erm,202603,0.15,2,1,0.015,0.0,,,0.09000000000000001,0.06492127684000336,0.015,600,1200,0.0739284734739243,0.03881362397369182,0.2403578758239746,2.0,5,"size,texture,surface,irregularity,shape",,clean,0.0,0.0,False,2,1.0,,,,0.3202684893752864,2.844582186546441,0.07390588275524482,0.35067941672384423,3.340283775617079,0.13366500479459362,0.301637436529342,2.7530617201487027,0.07309763143464612
erm_clean_path,breast,clean,erm,202604,0.15,2,1,0.015,0.0,,,0.09000000000000001,0.06492127684000336,0.015,600,1200,0.09110545226911489,0.03499231355615712,0.23315095901489258,2.0,5,"size,texture,surface,irregularity,shape",,clean,0.0,0.0,False,2,1.0,,,,0.31916110389405405,2.805971533427394,0.09108709153825144,0.29382803919202993,2.650588142382012,0.07114550473189057,0.2648852771179547,2.6492410296591653,0.07628841409852179
erm_clean_path,breast,clean,erm,202600,0.15,4,2,0.015,0.0,,,0.08100000000000002,0.029214574578001515,0.015,600,1800,0.07056216217877728,0.024637882441451257,0.3507802486419678,2.0,5,"size,texture,surface,irregularity,shape",,clean,0.0,0.0,False,4,2.0,,,,0.33251023067227864,3.125775869331614,0.07055305865461269,0.37074964441108194,3.760831034437014,0.10680285832534368,0.3856561083814309,3.5912685770806494,0.09897894237250768
erm_clean_path,breast,clean,erm,202601,0.15,4,2,0.015,0.0,,,0.08100000000000002,0.029214574578001515,0.015,600,1800,0.07411649728712286,0.027171790562023596,0.3894312381744385,2.0,5,"size,texture,surface,irregularity,shape",,clean,0.0,0.0,False,4,2.0,,,,0.3504287126738198,3.1687442001368917,0.07410542503979939,0.38514045961816945,3.723410560272006,0.10859147940008586,0.3362175737025457,2.8395460208389167,0.0576708949331539
erm_clean_path,breast,clean,erm,202602,0.15,4,2,0.015,0.0,,,0.08100000000000002,0.029214574578001515,0.015,600,1800,0.06585392578689023,0.029579610343424143,0.33396291732788086,2.0,5,"size,texture,surface,irregularity,shape",,clean,0.0,0.0,False,4,2.0,,,,0.35131191407305723,3.0451738983545313,0.06584080411364612,0.23010613098226881,2.605468425769473,0.04087516443645185,0.44638794774882773,4.062471582817922,0.1490086255645551
erm_clean_path,breast,clean,erm,202603,0.15,4,2,0.015,0.0,,,0.08100000000000002,0.029214574578001515,0.015,600,1800,0.06382940808145782,0.02908364022519627,0.3609619140625,2.0,5,"size,texture,surface,irregularity,shape",,clean,0.0,0.0,False,4,2.0,,,,0.3305992294833701,3.1299309209162463,0.0638167227023193,0.3776826309806607,3.756588649708441,0.13487897704246135,0.3086067488780361,3.0186350132252837,0.06383234434802663
erm_clean_path,breast,clean,erm,202604,0.15,4,2,0.015,0.0,,,0.08100000000000002,0.029214574578001515,0.015,600,1800,0.08319786181819626,0.025223111684625845,0.3414762020111084,2.0,5,"size,texture,surface,irregularity,shape",,clean,0.0,0.0,False,4,2.0,,,,0.3303798473810467,3.0647249486992116,0.08318832086302064,0.3070594627353404,2.8992392677372187,0.06299759483716007,0.27061943637298685,2.854858450363771,0.06930742396148051
erm_clean_path,breast,clean,erm,202600,0.15,8,3,0.015,0.0,,,0.0729,0.017528744746800908,0.015,600,2400,0.0661352721725479,0.020050733556856073,0.4632730484008789,2.0,5,"size,texture,surface,irregularity,shape",,clean,0.0,0.0,False,8,4.0,,,,0.34013528738307525,3.31884111020142,0.06612924257076276,0.3724969978867777,3.948421243121858,0.10079952121909842,0.389994849880532,3.751220235821448,0.09263097557331883
erm_clean_path,breast,clean,erm,202601,0.15,8,3,0.015,0.0,,,0.0729,0.017528744746800908,0.015,600,2400,0.06878702005333966,0.02185836502163446,0.5171220302581787,2.0,5,"size,texture,surface,irregularity,shape",,clean,0.0,0.0,False,8,4.0,,,,0.36113620673103625,3.3680979879829676,0.06877985435082026,0.4034700858399415,3.9745324987913606,0.10549744238488196,0.3492117894067775,3.029619223959912,0.05436755755455653
erm_clean_path,breast,clean,erm,202602,0.15,8,3,0.015,0.0,,,0.0729,0.017528744746800908,0.015,600,2400,0.059466966004875325,0.024061747975143495,0.4572257995605469,2.0,5,"size,texture,surface,irregularity,shape",,clean,0.0,0.0,False,8,4.0,,,,0.358828236795267,3.22531470922038,0.059458282781674344,0.2376525699064071,2.7786435780806507,0.03715878553767164,0.47432984108702686,4.379032383185351,0.15176904819671874
erm_clean_path,breast,clean,erm,202603,0.15,8,3,0.015,0.0,,,0.0729,0.017528744746800908,0.015,600,2400,0.05763279008235347,0.023741772634664638,0.4811127185821533,2.0,5,"size,texture,surface,irregularity,shape",,clean,0.0,0.0,False,8,4.0,,,,0.33952292725152916,3.3457558207427134,0.057624336245096115,0.397760793552848,4.100717895739774,0.13784700692032575,0.3194326462578804,3.218545027318657,0.05840379557337921
erm_clean_path,breast,clean,erm,202604,0.15,8,3,0.015,0.0,,,0.0729,0.017528744746800908,0.015,600,2400,0.07865534952125594,0.020066534716892896,0.48071813583374023,2.0,5,"size,texture,surface,irregularity,shape",,clean,0.0,0.0,False,8,4.0,,,,0.33960907159410525,3.2433354609868186,0.07864931052318773,0.3173193124237312,3.0680351283626384,0.058022350759704,0.2754461679280137,2.994750163488631,0.0652534034749614
erm_clean_path,breast,clean,erm,202600,0.15,16,4,0.015,0.0,,,0.06561,0.011831902704090612,0.015,600,3000,0.0630376026166729,0.017212597741622714,0.5755813121795654,2.0,5,"size,texture,surface,irregularity,shape",,clean,0.0,0.0,False,16,8.0,,,,0.34701995974878536,3.4674694065386977,0.06303315900978183,0.3735934648216549,4.094344822559287,0.09638389066421196,0.3933613196950239,3.866130934964879,0.08812985170133414
erm_clean_path,breast,clean,erm,202601,0.15,16,4,0.015,0.0,,,0.06561,0.011831902704090612,0.015,600,3000,0.06515209275219702,0.018510123431333254,0.6478900909423828,2.0,5,"size,texture,surface,irregularity,shape",,clean,0.0,0.0,False,16,8.0,,,,0.36923642301201753,3.516453252860574,0.06514695401637982,0.41759398550789933,4.163993961510398,0.10340237571528856,0.3588473262768518,3.1719742504344492,0.05223932756971842
erm_clean_path,breast,clean,erm,202602,0.15,16,4,0.015,0.0,,,0.06561,0.011831902704090612,0.015,600,3000,0.055029796430401644,0.020525040549814733,0.5893979072570801,2.0,5,"size,texture,surface,irregularity,shape",,clean,0.0,0.0,False,16,8.0,,,,0.3654152079991356,3.3721825417438738,0.05502347801909592,0.2438652351357063,2.917682662698238,0.034702684731497166,0.49702874699120025,4.6328852389100845,0.15485117939792384
erm_clean_path,breast,clean,erm,202603,0.15,16,4,0.015,0.0,,,0.06561,0.011831902704090612,0.015,600,3000,0.05330344612553246,0.020294474499925653,0.5988857746124268,2.0,5,"size,texture,surface,irregularity,shape",,clean,0.0,0.0,False,16,8.0,,,,0.35364434281159873,3.521676269635789,0.05329726886350401,0.4137528415937246,4.397271366130943,0.14130399690212345,0.3317700535901057,3.3810132289407027,0.054782686799067296
erm_clean_path,breast,clean,erm,202604,0.15,16,4,0.015,0.0,,,0.06561,0.011831902704090612,0.015,600,3000,0.07561448080348838,0.016871662909552183,0.6023862361907959,2.0,5,"size,texture,surface,irregularity,shape",,clean,0.0,0.0,False,16,8.0,,,,0.3470889739725412,3.374634475518155,0.07561021155391479,0.32529160140793983,3.1906200637996753,0.05453788225061447,0.2791779649749607,3.0974296017650835,0.06250731949482279
erm_clean_path,breast,clean,erm,202600,0.15,64,5,0.015,0.0,,,0.05904900000000001,0.007099141622454369,0.015,600,3600,0.06067702774879469,0.015266075171246842,0.688136100769043,2.0,5,"size,texture,surface,irregularity,shape",,clean,0.0,0.0,False,64,16.0,,,,0.3532222246508275,3.5875490315374545,0.06067353226705862,0.3743818312328812,4.208629236841245,0.09295474244150091,0.3961544919087414,3.9520824578325175,0.08479111869395506
erm_clean_path,breast,clean,erm,202601,0.15,64,5,0.015,0.0,,,0.05904900000000001,0.007099141622454369,0.015,600,3600,0.06245949099457455,0.0161814087496254,0.7543890476226807,2.0,5,"size,texture,surface,irregularity,shape",,clean,0.0,0.0,False,64,16.0,,,,0.37552734476312677,3.6314149300833876,0.06245556382538727,0.42883566850112903,4.312988654532423,0.10187606821994781,0.36622517041900915,3.283898094003376,0.05075817674464178
erm_clean_path,breast,clean,erm,202602,0.15,64,5,0.015,0.0,,,0.05904900000000001,0.007099141622454369,0.015,600,3600,0.05170176697554324,0.018036281200742736,0.7082459926605225,2.0,5,"size,texture,surface,irregularity,shape",,clean,0.0,0.0,False,64,16.0,,,,0.37122746766073994,3.501326637712225,0.05169688784342482,0.24922255837267504,3.0351556145995784,0.03292965329945484,0.516325887045978,4.848692529893361,0.15795119748212938
erm_clean_path,breast,clean,erm,202603,0.15,64,5,0.015,0.0,,,0.05904900000000001,0.007099141622454369,0.015,600,3600,0.050045855878452596,0.017853641749860028,0.7202727794647217,2.0,5,"size,texture,surface,irregularity,shape",,clean,0.0,0.0,False,64,16.0,,,,0.3659573909258363,3.676067017629903,0.050041075057415826,0.4270693655225796,4.660331143275282,0.14484175219456896,0.34266313172458907,3.5221694328765243,0.05218574756677689
erm_clean_path,breast,clean,erm,202604,0.15,64,5,0.015,0.0,,,0.05904900000000001,0.007099141622454369,0.015,600,3600,0.07338616429442793,0.014697732063212562,0.7092883586883545,2.0,5,"size,texture,surface,irregularity,shape",,clean,0.0,0.0,False,64,16.0,,,,0.35321309571163184,3.4765810589288124,0.0733829242799607,0.3316037783530177,3.2834752859896263,0.051911934220708944,0.2820078658253184,3.175529103204918,0.06047128029506339
erm_clean_path,breast,clean,erm,202600,0.15,256,6,0.015,0.0,,,0.05314410000000001,0.004791920595156698,0.015,600,4200,0.05877839772686265,0.01383678229965272,0.8029031753540039,2.0,5,"size,texture,surface,irregularity,shape",,clean,0.0,0.0,False,256,64.0,,,,0.3588297769873103,3.6880643773437334,0.05877552609361159,0.3795633247790954,4.3021243697648375,0.09020881497543189,0.39860473567246696,4.019093708129815,0.08224754863585418
erm_clean_path,breast,clean,erm,202601,0.15,256,6,0.015,0.0,,,0.05314410000000001,0.004791920595156698,0.015,600,4200,0.060356255894425025,0.014453234019626561,0.8607420921325684,2.0,5,"size,texture,surface,irregularity,shape",,clean,0.0,0.0,False,256,64.0,,,,0.3805134274178679,3.7234069146363926,0.06035312272746047,0.43800057654607155,4.43414529647261,0.10071868680040283,0.37202172379299736,3.375047655182252,0.04967974831940376
erm_clean_path,breast,clean,erm,202602,0.15,256,6,0.015,0.0,,,0.05314410000000001,0.004791920595156698,0.015,600,4200,0.04907819823584614,0.01617489423518628,0.8196938037872314,2.0,5,"size,texture,surface,irregularity,shape",,clean,0.0,0.0,False,256,64.0,,,,0.37642656095770877,3.6118239971925146,0.049074274157427655,0.25398866164287615,3.1369892061321156,0.031572799051682726,0.5332395912747274,5.038467146241319,0.16097035384844177
erm_clean_path,breast,clean,erm,202603,0.15,256,6,0.015,0.0,,,0.05314410000000001,0.004791920595156698,0.015,600,4200,0.04747375106854194,0.016018755604494575,0.8413519859313965,2.0,5,"size,texture,surface,irregularity,shape",,clean,0.0,0.0,False,256,64.0,,,,0.3768405569141057,3.8107836482930177,0.047469902383097444,0.4410179689097475,4.899123118418919,0.14830765155914102,0.3523652763603047,3.649558163273389,0.05023542187975534
erm_clean_path,breast,clean,erm,202604,0.15,256,6,0.015,0.0,,,0.05314410000000001,0.004791920595156698,0.015,600,4200,0.07165232332993733,0.013123666052242019,0.8329811096191406,2.0,5,"size,texture,surface,irregularity,shape",,clean,0.0,0.0,False,256,64.0,,,,0.35830003808335725,3.5589294218118583,0.07164974009327525,0.33670338505128217,3.3559214928970853,0.04984457605928375,0.28413945157507725,3.2369627057232173,0.05886968295840356
erm_clean_path,breast,clean,erm,202600,0.25,1,0,0.015,0.0,,,0.1,0.07213475204444818,0.015,600,600,0.09519820897694417,0.05832684085789822,0.1246652603149414,2.0,5,"size,texture,surface,irregularity,shape",,clean,0.0,0.0,False,1,,,,,0.710885687551962,4.132206240276933,0.09514721348708488,0.7413700803345208,4.746329035416559,0.1341887675507744,0.7658764432085186,4.6527786941416585,0.1280873768970425
erm_clean_path,breast,clean,erm,202601,0.25,1,0,0.015,0.0,,,0.1,0.07213475204444818,0.015,600,600,0.10420799068579956,0.06387622851342296,0.12218713760375977,2.0,5,"size,texture,surface,irregularity,shape",,clean,0.0,0.0,False,1,,,,,0.7046043920584655,4.109403681398008,0.104146828002945,0.7077858416318145,4.44323539966888,0.12695642641410051,0.6424628268446256,3.7862919550189056,0.0785578294124331
erm_clean_path,breast,clean,erm,202602,0.25,1,0,0.015,0.0,,,0.1,0.07213475204444818,0.015,600,600,0.09958510756815568,0.06607184991322816,0.10643362998962402,2.0,5,"size,texture,surface,irregularity,shape",,clean,0.0,0.0,False,1,,,,,0.7469108812111505,4.142321559489293,0.0995196655291533,0.5372368130683736,3.6975864172400565,0.06356409536304634,0.7617198783759594,4.703740667134282,0.15302844293284712
erm_clean_path,breast,clean,erm,202603,0.25,1,0,0.015,0.0,,,0.1,0.07213475204444818,0.015,600,600,0.09596498407022815,0.06421272436372395,0.11850285530090332,2.0,5,"size,texture,surface,irregularity,shape",,clean,0.0,0.0,False,1,,,,,0.6803265569611482,4.104539640021516,0.09590317288438234,0.6897305574153397,4.352961225851572,0.14012651043544097,0.6832401251238581,3.9924535812962154,0.0944354321800144
erm_clean_path,breast,clean,erm,202604,0.25,1,0,0.015,0.0,,,0.1,0.07213475204444818,0.015,600,600,0.1102011259317398,0.06131127806823895,0.12009501457214355,2.0,5,"size,texture,surface,irregularity,shape",,clean,0.0,0.0,False,1,,,,,0.6634836367196849,3.9896496032709177,0.11014477761047468,0.6063923901722469,3.8280964099821926,0.08950661702106921,0.5731541686326497,3.8665671857713817,0.09311025022006672
erm_clean_path,breast,clean,erm,202600,0.25,2,1,0.015,0.0,,,0.09000000000000001,0.06492127684000336,0.015,600,1200,0.07792747313087929,0.03347119230124042,0.23887324333190918,2.0,5,"size,texture,surface,irregularity,shape",,clean,0.0,0.0,False,2,1.0,,,,0.7992014549269338,5.009267571104424,0.0779106737505885,0.8177862780594304,5.679725425053249,0.11589075506265706,0.8596085272981386,5.527587517522828,0.10877520167866116
erm_clean_path,breast,clean,erm,202601,0.25,2,1,0.015,0.0,,,0.09000000000000001,0.06492127684000336,0.015,600,1200,0.08314840150959103,0.037139122752802935,0.26697301864624023,2.0,5,"size,texture,surface,irregularity,shape",,clean,0.0,0.0,False,2,1.0,,,,0.8297423506668887,5.055076068741285,0.0831277184908142,0.8524886767390364,5.498365111808549,0.11388957894266906,0.7619301651277397,4.680047676192078,0.06360095363938786
erm_clean_path,breast,clean,erm,202602,0.25,2,1,0.015,0.0,,,0.09000000000000001,0.06492127684000336,0.015,600,1200,0.07635999508315632,0.03969381264546491,0.22442078590393066,2.0,5,"size,texture,surface,irregularity,shape",,clean,0.0,0.0,False,2,1.0,,,,0.839169873673936,4.971326320791394,0.07633636828286633,0.6226696683524381,4.490797280849445,0.04742020718055974,0.8698855119897368,5.746117488628599,0.14762669565955833
erm_clean_path,breast,clean,erm,202603,0.25,2,1,0.015,0.0,,,0.09000000000000001,0.06492127684000336,0.015,600,1200,0.0739284734739243,0.03881362397369182,0.2403578758239746,2.0,5,"size,texture,surface,irregularity,shape",,clean,0.0,0.0,False,2,1.0,,,,0.7776803247615407,5.011673934564992,0.07390588275524482,0.7901425432750987,5.388573244087809,0.13366500479459362,0.7837601185257966,4.88060770724077,0.07309763143464612
erm_clean_path,breast,clean,erm,202604,0.25,2,1,0.015,0.0,,,0.09000000000000001,0.06492127684000336,0.015,600,1200,0.09110545226911489,0.03499231355615712,0.23315095901489258,2.0,5,"size,texture,surface,irregularity,shape",,clean,0.0,0.0,False,2,1.0,,,,0.7584074980384632,4.846997536169913,0.09108709153825144,0.7040728640825094,4.675153004379902,0.07114550473189057,0.6452623551521598,4.633761630839161,0.07628841409852179
erm_clean_path,breast,clean,erm,202600,0.25,4,2,0.015,0.0,,,0.08100000000000002,0.029214574578001515,0.015,600,1800,0.07056216217877728,0.024637882441451257,0.3507802486419678,2.0,5,"size,texture,surface,irregularity,shape",,clean,0.0,0.0,False,4,2.0,,,,0.8574197108974055,5.545116058735886,0.07055305865461269,0.8642069072437236,6.223423276949588,0.10680285832534368,0.9167950442520376,6.02831000475334,0.09897894237250768
erm_clean_path,breast,clean,erm,202601,0.25,4,2,0.015,0.0,,,0.08100000000000002,0.029214574578001515,0.015,600,1800,0.07411649728712286,0.027171790562023596,0.3894312381744385,2.0,5,"size,texture,surface,irregularity,shape",,clean,0.0,0.0,False,4,2.0,,,,0.912662754582015,5.628890497136053,0.07410542503979939,0.9370144571127605,6.133318130149977,0.10859147940008586,0.8375784927001185,5.231953521551618,0.0576708949331539
erm_clean_path,breast,clean,erm,202602,0.25,4,2,0.015,0.0,,,0.08100000000000002,0.029214574578001515,0.015,600,1800,0.06585392578689023,0.029579610343424143,0.33396291732788086,2.0,5,"size,texture,surface,irregularity,shape",,clean,0.0,0.0,False,4,2.0,,,,0.9002134340467923,5.495903161331894,0.06584080411364612,0.6756629193897469,4.990052956062492,0.04087516443645185,0.947195992872473,6.432176734320396,0.1490086255645551
erm_clean_path,breast,clean,erm,202603,0.25,4,2,0.015,0.0,,,0.08100000000000002,0.029214574578001515,0.015,600,1800,0.06382940808145782,0.02908364022519627,0.3609619140625,2.0,5,"size,texture,surface,irregularity,shape",,clean,0.0,0.0,False,4,2.0,,,,0.842516597966977,5.599803543761681,0.0638167227023193,0.8735365860041019,6.093278376969856,0.13487897704246135,0.8613939039491567,5.4396163809492,0.06383234434802663
erm_clean_path,breast,clean,erm,202604,0.25,4,2,0.015,0.0,,,0.08100000000000002,0.029214574578001515,0.015,600,1800,0.08319786181819626,0.025223111684625845,0.3414762020111084,2.0,5,"size,texture,surface,irregularity,shape",,clean,0.0,0.0,False,4,2.0,,,,0.8204895525469448,5.361617477493849,0.08318832086302064,0.7723226640299207,5.178349584157565,0.06299759483716007,0.6940561147189963,5.088358912280364,0.06930742396148051
erm_clean_path,breast,clean,erm,202600,0.25,8,3,0.015,0.0,,,0.0729,0.017528744746800908,0.015,600,2400,0.0661352721725479,0.020050733556856073,0.4632730484008789,2.0,5,"size,texture,surface,irregularity,shape",,clean,0.0,0.0,False,8,4.0,,,,0.9013345241943407,5.928405676428198,0.06612924257076276,0.8966857290496144,6.599874966490517,0.10079952121909842,0.9576390187881468,6.374846144277311,0.09263097557331883
erm_clean_path,breast,clean,erm,202601,0.25,8,3,0.015,0.0,,,0.0729,0.017528744746800908,0.015,600,2400,0.06878702005333966,0.02185836502163446,0.5171220302581787,2.0,5,"size,texture,surface,irregularity,shape",,clean,0.0,0.0,False,8,4.0,,,,0.9710029075934635,6.034352861136064,0.06877985435082026,0.9935004425367701,6.579344591088266,0.10549744238488196,0.8899601513723316,5.618758682515263,0.05436755755455653
erm_clean_path,breast,clean,erm,202602,0.25,8,3,0.015,0.0,,,0.0729,0.017528744746800908,0.015,600,2400,0.059466966004875325,0.024061747975143495,0.4572257995605469,2.0,5,"size,texture,surface,irregularity,shape",,clean,0.0,0.0,False,8,4.0,,,,0.9459287925221885,5.886814441591148,0.059458282781674344,0.7144037115879868,5.360784838539907,0.03715878553767164,1.0138003592591138,6.9434901785254795,0.15176904819671874
erm_clean_path,breast,clean,erm,202603,0.25,8,3,0.015,0.0,,,0.0729,0.017528744746800908,0.015,600,2400,0.05763279008235347,0.023741772634664638,0.4811127185821533,2.0,5,"size,texture,surface,irregularity,shape",,clean,0.0,0.0,False,8,4.0,,,,0.8957067524645381,6.041255156314474,0.057624336245096115,0.9348158748491441,6.646793606256929,0.13784700692032575,0.9167189498693972,5.862535674996582,0.05840379557337921
erm_clean_path,breast,clean,erm,202604,0.25,8,3,0.015,0.0,,,0.0729,0.017528744746800908,0.015,600,2400,0.07865534952125594,0.020066534716892896,0.48071813583374023,2.0,5,"size,texture,surface,irregularity,shape",,clean,0.0,0.0,False,8,4.0,,,,0.8650864638871015,5.722311269125111,0.07864931052318773,0.8186066937059258,5.524150068322352,0.058022350759704,0.7289617649540836,5.403596051774604,0.0652534034749614
erm_clean_path,breast,clean,erm,202600,0.25,16,4,0.015,0.0,,,0.06561,0.011831902704090612,0.015,600,3000,0.0630376026166729,0.017212597741622714,0.5755813121795654,2.0,5,"size,texture,surface,irregularity,shape",,clean,0.0,0.0,False,16,8.0,,,,0.9367507681349602,6.225589343352212,0.06303315900978183,0.92124866780042,6.894563332938131,0.09638389066421196,0.9892828810438112,6.637187329000711,0.08812985170133414
erm_clean_path,breast,clean,erm,202601,0.25,16,4,0.015,0.0,,,0.06561,0.011831902704090612,0.015,600,3000,0.06515209275219702,0.018510123431333254,0.6478900909423828,2.0,5,"size,texture,surface,irregularity,shape",,clean,0.0,0.0,False,16,8.0,,,,1.0145862380667625,6.340157366259121,0.06514695401637982,1.037515031776136,6.918028960205178,0.10340237571528856,0.9285209937389596,5.914391405968985,0.05223932756971842
erm_clean_path,breast,clean,erm,202602,0.25,16,4,0.015,0.0,,,0.06561,0.011831902704090612,0.015,600,3000,0.055029796430401644,0.020525040549814733,0.5893979072570801,2.0,5,"size,texture,surface,irregularity,shape",,clean,0.0,0.0,False,16,8.0,,,,0.9824847582872437,6.20239730555666,0.05502347801909592,0.7452265405316312,5.65960199975902,0.034702684731497166,1.0670289990045652,7.352187104081451,0.15485117939792384
erm_clean_path,breast,clean,erm,202603,0.25,16,4,0.015,0.0,,,0.06561,0.011831902704090612,0.015,600,3000,0.05330344612553246,0.020294474499925653,0.5988857746124268,2.0,5,"size,texture,surface,irregularity,shape",,clean,0.0,0.0,False,16,8.0,,,,0.955925125793307,6.4011222018709555,0.05329726886350401,0.983694372567359,7.117288938621073,0.14130399690212345,0.9646981137003702,6.200526322784927,0.054782686799067296
erm_clean_path,breast,clean,erm,202604,0.25,16,4,0.015,0.0,,,0.06561,0.011831902704090612,0.015,600,3000,0.07561448080348838,0.016871662909552183,0.6023862361907959,2.0,5,"size,texture,surface,irregularity,shape",,clean,0.0,0.0,False,16,8.0,,,,0.898916418560203,5.990942141096381,0.07561021155391479,0.852493161965957,5.7795708947843,0.05453788225061447,0.7550401489765951,5.635058963752315,0.06250731949482279
erm_clean_path,breast,clean,erm,202600,0.25,64,5,0.015,0.0,,,0.05904900000000001,0.007099141622454369,0.015,600,3600,0.06067702774879469,0.015266075171246842,0.688136100769043,2.0,5,"size,texture,surface,irregularity,shape",,clean,0.0,0.0,False,64,16.0,,,,0.9664674481161435,6.46695165200886,0.06067353226705862,0.9407778845165331,7.130594811532414,0.09295474244150091,1.0150632087560476,6.844142852044066,0.08479111869395506
erm_clean_path,breast,clean,erm,202601,0.25,64,5,0.015,0.0,,,0.05904900000000001,0.007099141622454369,0.015,600,3600,0.06245949099457455,0.0161814087496254,0.7543890476226807,2.0,5,"size,texture,surface,irregularity,shape",,clean,0.0,0.0,False,64,16.0,,,,1.0483942577041347,6.580844236037198,0.06245556382538727,1.0759470984517108,7.186020672149087,0.10187606821994781,0.9580514010244199,6.152214989517813,0.05075817674464178
erm_clean_path,breast,clean,erm,202602,0.25,64,5,0.015,0.0,,,0.05904900000000001,0.007099141622454369,0.015,600,3600,0.05170176697554324,0.018036281200742736,0.7082459926605225,2.0,5,"size,texture,surface,irregularity,shape",,clean,0.0,0.0,False,64,16.0,,,,1.0130066915247877,6.46843492184087,0.05169688784342482,0.7710632311939637,5.9139809916079065,0.03292965329945484,1.111699059804251,7.693624627334043,0.15795119748212938
erm_clean_path,breast,clean,erm,202603,0.25,64,5,0.015,0.0,,,0.05904900000000001,0.007099141622454369,0.015,600,3600,0.050045855878452596,0.017853641749860028,0.7202727794647217,2.0,5,"size,texture,surface,irregularity,shape",,clean,0.0,0.0,False,64,16.0,,,,1.0070527139052752,6.712713535070028,0.050041075057415826,1.0396901629845672,7.5357173680854155,0.14484175219456896,1.0161429577436545,6.493505323578955,0.05218574756677689
erm_clean_path,breast,clean,erm,202604,0.25,64,5,0.015,0.0,,,0.05904900000000001,0.007099141622454369,0.015,600,3600,0.07338616429442793,0.014697732063212562,0.7092883586883545,2.0,5,"size,texture,surface,irregularity,shape",,clean,0.0,0.0,False,64,16.0,,,,0.925531867866766,6.199203179448433,0.0733829242799607,0.8785290663001404,5.979360980352129,0.051911934220708944,0.7751593137120217,5.81531039796955,0.06047128029506339
erm_clean_path,breast,clean,erm,202600,0.25,256,6,0.015,0.0,,,0.05314410000000001,0.004791920595156698,0.015,600,4200,0.05877839772686265,0.01383678229965272,0.8029031753540039,2.0,5,"size,texture,surface,irregularity,shape",,clean,0.0,0.0,False,256,64.0,,,,0.9920804622713684,6.669614024477265,0.05877552609361159,0.9568914514143186,7.327040730443954,0.09020881497543189,1.0368258506979382,7.013718242166271,0.08224754863585418
erm_clean_path,breast,clean,erm,202601,0.25,256,6,0.015,0.0,,,0.05314410000000001,0.004791920595156698,0.015,600,4200,0.060356255894425025,0.014453234019626561,0.8607420921325684,2.0,5,"size,texture,surface,irregularity,shape",,clean,0.0,0.0,False,256,64.0,,,,1.0752888877232998,6.776608966828359,0.06035312272746047,1.1066383557640154,7.405142965826525,0.10071868680040283,0.9812851314612004,6.350137678244071,0.04967974831940376
erm_clean_path,breast,clean,erm,202602,0.25,256,6,0.015,0.0,,,0.05314410000000001,0.004791920595156698,0.015,600,4200,0.04907819823584614,0.01617489423518628,0.8196938037872314,2.0,5,"size,texture,surface,irregularity,shape",,clean,0.0,0.0,False,256,64.0,,,,1.0392870434192956,6.696906040083575,0.049074274157427655,0.7934881792441772,6.1366583699173916,0.031572799051682726,1.1504303595361836,7.9885242804340555,0.16097035384844177
erm_clean_path,breast,clean,erm,202603,0.25,256,6,0.015,0.0,,,0.05314410000000001,0.004791920595156698,0.015,600,4200,0.04747375106854194,0.016018755604494575,0.8413519859313965,2.0,5,"size,texture,surface,irregularity,shape",,clean,0.0,0.0,False,256,64.0,,,,1.0513719532448358,6.9844211199084825,0.047469902383097444,1.08860790209509,7.913530239202289,0.14830765155914102,1.0607550481493708,6.753534592337659,0.05023542187975534
erm_clean_path,breast,clean,erm,202604,0.25,256,6,0.015,0.0,,,0.05314410000000001,0.004791920595156698,0.015,600,4200,0.07165232332993733,0.013123666052242019,0.8329811096191406,2.0,5,"size,texture,surface,irregularity,shape",,clean,0.0,0.0,False,256,64.0,,,,0.9470383092414695,6.3656709473382715,0.07164974009327525,0.8992189090363191,6.140128252280735,0.04984457605928375,0.7910702103094778,5.958815946390548,0.05886968295840356
erm_clean_path,breast,clean,erm,202600,0.35,1,0,0.015,0.0,,,0.1,0.07213475204444818,0.015,600,600,0.09519820897694417,0.05832684085789822,0.1246652603149414,2.0,5,"size,texture,surface,irregularity,shape",,clean,0.0,0.0,False,1,,,,,1.3011446581418227,5.946096997239901,0.09514721348708488,1.3006090308241993,6.56433943164929,0.1341887675507744,1.3235295218831729,6.456209912889064,0.1280873768970425
erm_clean_path,breast,clean,erm,202601,0.35,1,0,0.015,0.0,,,0.1,0.07213475204444818,0.015,600,600,0.10420799068579956,0.06387622851342296,0.12218713760375977,2.0,5,"size,texture,surface,irregularity,shape",,clean,0.0,0.0,False,1,,,,,1.274876796435676,5.885310635542964,0.104146828002945,1.3250216718280687,6.185614824037773,0.12695642641410051,1.1650794741664066,5.57456469825232,0.0785578294124331
erm_clean_path,breast,clean,erm,202602,0.35,1,0,0.015,0.0,,,0.1,0.07213475204444818,0.015,600,600,0.09958510756815568,0.06607184991322816,0.10643362998962402,2.0,5,"size,texture,surface,irregularity,shape",,clean,0.0,0.0,False,1,,,,,1.342896863006081,5.947760991286762,0.0995196655291533,1.114726428643976,5.52125304747709,0.06356409536304634,1.363025088999994,6.440567734358177,0.15302844293284712
erm_clean_path,breast,clean,erm,202603,0.35,1,0,0.015,0.0,,,0.1,0.07213475204444818,0.015,600,600,0.09596498407022815,0.06421272436372395,0.11850285530090332,2.0,5,"size,texture,surface,irregularity,shape",,clean,0.0,0.0,False,1,,,,,1.226558971272824,5.886097337296543,0.09590317288438234,1.243805046165585,6.032215265600672,0.14012651043544097,1.28346412780656,5.7457147407907465,0.0944354321800144
erm_clean_path,breast,clean,erm,202604,0.35,1,0,0.015,0.0,,,0.1,0.07213475204444818,0.015,600,600,0.1102011259317398,0.06131127806823895,0.12009501457214355,2.0,5,"size,texture,surface,irregularity,shape",,clean,0.0,0.0,False,1,,,,,1.186063271182181,5.683837859726755,0.11014477761047468,1.120242272610458,5.502552880288834,0.08950661702106921,1.0672284449278084,5.552281933067199,0.09311025022006672
erm_clean_path,breast,clean,erm,202600,0.35,2,1,0.015,0.0,,,0.09000000000000001,0.06492127684000336,0.015,600,1200,0.07792747313087929,0.03347119230124042,0.23887324333190918,2.0,5,"size,texture,surface,irregularity,shape",,clean,0.0,0.0,False,2,1.0,,,,1.532493751877742,7.244955993571356,0.0779106737505885,1.5044239450520451,7.915022569926715,0.11589075506265706,1.5467486632409968,7.743025499971725,0.10877520167866116
erm_clean_path,breast,clean,erm,202601,0.35,2,1,0.015,0.0,,,0.09000000000000001,0.06492127684000336,0.015,600,1200,0.08314840150959103,0.037139122752802935,0.26697301864624023,2.0,5,"size,texture,surface,irregularity,shape",,clean,0.0,0.0,False,2,1.0,,,,1.5791247223137426,7.296014524304584,0.0831277184908142,1.6372107833432779,7.675721548281,0.11388957894266906,1.4460253423188942,6.941122874220515,0.06360095363938786
erm_clean_path,breast,clean,erm,202602,0.35,2,1,0.015,0.0,,,0.09000000000000001,0.06492127684000336,0.015,600,1200,0.07635999508315632,0.03969381264546491,0.22442078590393066,2.0,5,"size,texture,surface,irregularity,shape",,clean,0.0,0.0,False,2,1.0,,,,1.5732479687525165,7.215602848680483,0.07633636828286633,1.3391748082782955,6.751155919253957,0.04742020718055974,1.6173122200906918,7.908182916940123,0.14762669565955833
erm_clean_path,breast,clean,erm,202603,0.35,2,1,0.015,0.0,,,0.09000000000000001,0.06492127684000336,0.015,600,1200,0.0739284734739243,0.03881362397369182,0.2403578758239746,2.0,5,"size,texture,surface,irregularity,shape",,clean,0.0,0.0,False,2,1.0,,,,1.4673857836808448,7.241213854239433,0.07390588275524482,1.518725715967057,7.510193563748604,0.13366500479459362,1.5824428783346214,7.091309314367607,0.07309763143464612
erm_clean_path,breast,clean,erm,202604,0.35,2,1,0.015,0.0,,,0.09000000000000001,0.06492127684000336,0.015,600,1200,0.09110545226911489,0.03499231355615712,0.23315095901489258,2.0,5,"size,texture,surface,irregularity,shape",,clean,0.0,0.0,False,2,1.0,,,,1.415576424850987,6.9602863307376355,0.09108709153825144,1.3707151840820404,6.76717495554455,0.07114550473189057,1.2870912615738597,6.7258624660734325,0.07628841409852179
erm_clean_path,breast,clean,erm,202600,0.35,4,2,0.015,0.0,,,0.08100000000000002,0.029214574578001515,0.015,600,1800,0.07056216217877728,0.024637882441451257,0.3507802486419678,2.0,5,"size,texture,surface,irregularity,shape",,clean,0.0,0.0,False,4,2.0,,,,1.6780800829394436,8.031361277533314,0.07055305865461269,1.627473318563891,8.715474032700241,0.10680285832534368,1.6829924415202095,8.495101471248896,0.09897894237250768
erm_clean_path,breast,clean,erm,202601,0.35,4,2,0.015,0.0,,,0.08100000000000002,0.029214574578001515,0.015,600,1800,0.07411649728712286,0.027171790562023596,0.3894312381744385,2.0,5,"size,texture,surface,irregularity,shape",,clean,0.0,0.0,False,4,2.0,,,,1.7738060920194476,8.14994687747457,0.07410542503979939,1.8204273708565781,8.57140363950632,0.10859147940008586,1.6186293874647422,7.775880756338755,0.0576708949331539
erm_clean_path,breast,clean,erm,202602,0.35,4,2,0.015,0.0,,,0.08100000000000002,0.029214574578001515,0.015,600,1800,0.06585392578689023,0.029579610343424143,0.33396291732788086,2.0,5,"size,texture,surface,irregularity,shape",,clean,0.0,0.0,False,4,2.0,,,,1.7182772795391947,8.014918131188162,0.06584080411364612,1.4771494627775117,7.526392618494081,0.04087516443645185,1.780003832793932,8.856064834512923,0.1490086255645551
erm_clean_path,breast,clean,erm,202603,0.35,4,2,0.015,0.0,,,0.08100000000000002,0.029214574578001515,0.015,600,1800,0.06382940808145782,0.02908364022519627,0.3609619140625,2.0,5,"size,texture,surface,irregularity,shape",,clean,0.0,0.0,False,4,2.0,,,,1.62201257731316,8.11932167728141,0.0638167227023193,1.7019997914457106,8.500574500743788,0.13487897704246135,1.7679064167893417,7.944517465760839,0.06383234434802663
erm_clean_path,breast,clean,erm,202604,0.35,4,2,0.015,0.0,,,0.08100000000000002,0.029214574578001515,0.015,600,1800,0.08319786181819626,0.025223111684625845,0.3414762020111084,2.0,5,"size,texture,surface,irregularity,shape",,clean,0.0,0.0,False,4,2.0,,,,1.5577349215697331,7.727510605406087,0.08318832086302064,1.516817460227608,7.523160022297843,0.06299759483716007,1.4128171161042609,7.42790962515754,0.06930742396148051
erm_clean_path,breast,clean,erm,202600,0.35,8,3,0.015,0.0,,,0.0729,0.017528744746800908,0.015,600,2400,0.0661352721725479,0.020050733556856073,0.4632730484008789,2.0,5,"size,texture,surface,irregularity,shape",,clean,0.0,0.0,False,8,4.0,,,,1.7918508847410495,8.594517020614575,0.06612924257076276,1.7137348736705595,9.288366770159422,0.10079952121909842,1.7807068280685092,9.025595837609126,0.09263097557331883
erm_clean_path,breast,clean,erm,202601,0.35,8,3,0.015,0.0,,,0.0729,0.017528744746800908,0.015,600,2400,0.06878702005333966,0.02185836502163446,0.5171220302581787,2.0,5,"size,texture,surface,irregularity,shape",,clean,0.0,0.0,False,8,4.0,,,,1.9100745365669116,8.754537835452352,0.06877985435082026,1.9447369701144686,9.207490810473294,0.10549744238488196,1.7378797691705568,8.359832175154787,0.05436755755455653
erm_clean_path,breast,clean,erm,202602,0.35,8,3,0.015,0.0,,,0.0729,0.017528744746800908,0.015,600,2400,0.059466966004875325,0.024061747975143495,0.4572257995605469,2.0,5,"size,texture,surface,irregularity,shape",,clean,0.0,0.0,False,8,4.0,,,,1.8244433245839569,8.612028341080038,0.059458282781674344,1.577367674777522,8.099051315119592,0.03715878553767164,1.9008416871002025,9.559638485102063,0.15176904819671874
erm_clean_path,breast,clean,erm,202603,0.35,8,3,0.015,0.0,,,0.0729,0.017528744746800908,0.015,600,2400,0.05763279008235347,0.023741772634664638,0.4811127185821533,2.0,5,"size,texture,surface,irregularity,shape",,clean,0.0,0.0,False,8,4.0,,,,1.7546677896695613,8.781860904376758,0.057624336245096115,1.835811007506136,9.255081070829176,0.13784700692032575,1.9019741621472737,8.59004542899911,0.05840379557337921
erm_clean_path,breast,clean,erm,202604,0.35,8,3,0.015,0.0,,,0.0729,0.017528744746800908,0.015,600,2400,0.07865534952125594,0.020066534716892896,0.48071813583374023,2.0,5,"size,texture,surface,irregularity,shape",,clean,0.0,0.0,False,8,4.0,,,,1.6572878616492641,8.264104544255723,0.07864931052318773,1.6161121110920722,8.046248330704378,0.058022350759704,1.4964982992152094,7.91560423473113,0.0652534034749614
erm_clean_path,breast,clean,erm,202600,0.35,16,4,0.015,0.0,,,0.06561,0.011831902704090612,0.015,600,3000,0.0630376026166729,0.017212597741622714,0.5755813121795654,2.0,5,"size,texture,surface,irregularity,shape",,clean,0.0,0.0,False,16,8.0,,,,1.8804844867787724,9.034147312231458,0.06303315900978183,1.7790474251040151,9.734594437316883,0.09638389066421196,1.856681969313994,9.433856317558742,0.08812985170133414
erm_clean_path,breast,clean,erm,202601,0.35,16,4,0.015,0.0,,,0.06561,0.011831902704090612,0.015,600,3000,0.06515209275219702,0.018510123431333254,0.6478900909423828,2.0,5,"size,texture,surface,irregularity,shape",,clean,0.0,0.0,False,16,8.0,,,,2.0117715565869134,9.215378773898266,0.06514695401637982,2.0358934185095827,9.692230622592682,0.10340237571528856,1.8258518804254187,8.80835960262163,0.05223932756971842
erm_clean_path,breast,clean,erm,202602,0.35,16,4,0.015,0.0,,,0.06561,0.011831902704090612,0.015,600,3000,0.055029796430401644,0.020525040549814733,0.5893979072570801,2.0,5,"size,texture,surface,irregularity,shape",,clean,0.0,0.0,False,16,8.0,,,,1.9082427762498528,9.08945077643615,0.05502347801909592,1.656448086525732,8.555258134543598,0.034702684731497166,1.9974414573396952,10.121342312379717,0.15485117939792384
erm_clean_path,breast,clean,erm,202603,0.35,16,4,0.015,0.0,,,0.06561,0.011831902704090612,0.015,600,3000,0.05330344612553246,0.020294474499925653,0.5988857746124268,2.0,5,"size,texture,surface,irregularity,shape",,clean,0.0,0.0,False,16,8.0,,,,1.8888560448910108,9.327408281355146,0.05329726886350401,1.9412112762196043,9.902006820637325,0.14130399690212345,2.0069080398297743,9.106594959249525,0.054782686799067296
erm_clean_path,breast,clean,erm,202604,0.35,16,4,0.015,0.0,,,0.06561,0.011831902704090612,0.015,600,3000,0.07561448080348838,0.016871662909552183,0.6023862361907959,2.0,5,"size,texture,surface,irregularity,shape",,clean,0.0,0.0,False,16,8.0,,,,1.731618301883786,8.66585059072364,0.07561021155391479,1.6889980944700473,8.43590277318629,0.05453788225061447,1.556606460822335,8.278020034430998,0.06250731949482279
erm_clean_path,breast,clean,erm,202600,0.35,64,5,0.015,0.0,,,0.05904900000000001,0.007099141622454369,0.015,600,3600,0.06067702774879469,0.015266075171246842,0.688136100769043,2.0,5,"size,texture,surface,irregularity,shape",,clean,0.0,0.0,False,64,16.0,,,,1.9516498991229354,9.392485400029718,0.06067353226705862,1.8309458124476987,10.096327686666125,0.09295474244150091,1.9187160443671363,9.760968821310128,0.08479111869395506
erm_clean_path,breast,clean,erm,202601,0.35,64,5,0.015,0.0,,,0.05904900000000001,0.007099141622454369,0.015,600,3600,0.06245949099457455,0.0161814087496254,0.7543890476226807,2.0,5,"size,texture,surface,irregularity,shape",,clean,0.0,0.0,False,64,16.0,,,,2.0907034153380324,9.581586952215543,0.06245556382538727,2.110616038730184,10.077023601323805,0.10187606821994781,1.8934182490805465,9.165818009840574,0.05075817674464178
erm_clean_path,breast,clean,erm,202602,0.35,64,5,0.015,0.0,,,0.05904900000000001,0.007099141622454369,0.015,600,3600,0.05170176697554324,0.018036281200742736,0.7082459926605225,2.0,5,"size,texture,surface,irregularity,shape",,clean,0.0,0.0,False,64,16.0,,,,1.9776089993374846,9.488838423518194,0.05169688784342482,1.7221133569109688,8.947770507243076,0.03292965329945484,2.078240805756234,10.590620691871376,0.15795119748212938
erm_clean_path,breast,clean,erm,202603,0.35,64,5,0.015,0.0,,,0.05904900000000001,0.007099141622454369,0.015,600,3600,0.050045855878452596,0.017853641749860028,0.7202727794647217,2.0,5,"size,texture,surface,irregularity,shape",,clean,0.0,0.0,False,64,16.0,,,,2.002067046912454,9.7988483666433,0.050041075057415826,2.0282408994613474,10.461648785676001,0.14484175219456896,2.098620934770152,9.545255888374154,0.05218574756677689
erm_clean_path,breast,clean,erm,202604,0.35,64,5,0.015,0.0,,,0.05904900000000001,0.007099141622454369,0.015,600,3600,0.07338616429442793,0.014697732063212562,0.7092883586883545,2.0,5,"size,texture,surface,irregularity,shape",,clean,0.0,0.0,False,64,16.0,,,,1.7894239242949492,8.978995505848005,0.0733829242799607,1.7450943061775228,8.739583913354272,0.051911934220708944,1.6018328074970938,8.559569639365177,0.06047128029506339
erm_clean_path,breast,clean,erm,202600,0.35,256,6,0.015,0.0,,,0.05314410000000001,0.004791920595156698,0.015,600,4200,0.05877839772686265,0.01383678229965272,0.8029031753540039,2.0,5,"size,texture,surface,irregularity,shape",,clean,0.0,0.0,False,256,64.0,,,,2.0107351333497596,9.696401246627948,0.05877552609361159,1.8736423464527774,10.400037694474939,0.09020881497543189,1.9710946245682845,10.032677960348638,0.08224754863585418
erm_clean_path,breast,clean,erm,202601,0.35,256,6,0.015,0.0,,,0.05314410000000001,0.004791920595156698,0.015,600,4200,0.060356255894425025,0.014453234019626561,0.8607420921325684,2.0,5,"size,texture,surface,irregularity,shape",,clean,0.0,0.0,False,256,64.0,,,,2.1535773976771537,9.883576649228642,0.06035312272746047,2.1716917784065757,10.39251145141872,0.10071868680040283,1.9467125895191588,9.458870426693881,0.04967974831940376
erm_clean_path,breast,clean,erm,202602,0.35,256,6,0.015,0.0,,,0.05314410000000001,0.004791920595156698,0.015,600,4200,0.04907819823584614,0.01617489423518628,0.8196938037872314,2.0,5,"size,texture,surface,irregularity,shape",,clean,0.0,0.0,False,256,64.0,,,,2.036957360135699,9.831710642096679,0.049074274157427655,1.7785558893005442,9.288148742040377,0.031572799051682726,2.147936231276809,10.996130249991408,0.16097035384844177
erm_clean_path,breast,clean,erm,202603,0.35,256,6,0.015,0.0,,,0.05314410000000001,0.004791920595156698,0.015,600,4200,0.04747375106854194,0.016018755604494575,0.8413519859313965,2.0,5,"size,texture,surface,irregularity,shape",,clean,0.0,0.0,False,256,64.0,,,,2.0997541173003063,10.209342728844423,0.047469902383097444,2.123751099242762,10.964202930734468,0.14830765155914102,2.2025413547421167,9.931232906851692,0.05023542187975534
erm_clean_path,breast,clean,erm,202604,0.35,256,6,0.015,0.0,,,0.05314410000000001,0.004791920595156698,0.015,600,4200,0.07165232332993733,0.013123666052242019,0.8329811096191406,2.0,5,"size,texture,surface,irregularity,shape",,clean,0.0,0.0,False,256,64.0,,,,1.8356993501015755,9.230753241569802,0.07164974009327525,1.7897011305619916,8.983781646732462,0.04984457605928375,1.6369524037122842,8.784985700433165,0.05886968295840356
final_path,breast,uniform_iid_nested,majorant,202600,0.15,1,0,0.004,0.003,1.01,1947.4130725150492,0.1,0.07213475204444818,0.004,600,600,0.16786904506168526,0.14947370663120552,0.2886221408843994,2.0,5,"size,texture,surface,irregularity,shape",203377.0,a99bcb3863972856,0.0,0.0,False,1,,,0.15502770957529546,0.15502770957529546,0.34518215928372237,1.6787148252865731,0.166903632450777,0.38048081132935574,2.107906822737467,0.1947546288927485,0.37473917260983114,1.9231830252938817,0.18870977820756807
final_path,breast,uniform_iid_nested,majorant,202601,0.15,1,0,0.004,0.003,1.01,1918.5580638381002,0.1,0.07213475204444818,0.004,600,600,0.1950378873277616,0.17710502152835847,0.3423807621002197,2.0,5,"size,texture,surface,irregularity,shape",203378.0,81ae10197de3c9c8,0.0,0.0,False,1,,,0.18243927825445308,0.18243927825445308,0.35380457184272046,1.7000240917418634,0.18282558061681012,0.34646510870962677,1.8808518149517923,0.1953877618240477,0.32187024979273404,1.5837409251552448,0.1476208771149228
final_path,breast,uniform_iid_nested,majorant,202602,0.15,1,0,0.004,0.003,1.01,1973.5029069107422,0.1,0.07213475204444818,0.004,600,600,0.22414501076848697,0.18060020610270786,0.27803802490234375,2.0,5,"size,texture,surface,irregularity,shape",203379.0,39630bab82e902cb,0.0,0.0,False,1,,,0.21238612828339415,0.21238612828339415,0.3127964313502082,1.6120268420439339,0.19804472322367464,0.23316378185686387,1.3258915398024878,0.1463295974928166,0.3104657686276475,1.803356183651018,0.21716313067985465
final_path,breast,uniform_iid_nested,majorant,202603,0.15,1,0,0.004,0.003,1.01,1957.5592519016602,0.1,0.07213475204444818,0.004,600,600,0.17591285652889554,0.155112031604381,0.31888294219970703,2.0,5,"size,texture,surface,irregularity,shape",203380.0,a19f944d2797c0d1,0.0,0.0,False,1,,,0.16321873337356863,0.16321873337356863,0.34972754056045413,1.7089857017312422,0.17264424440222784,0.36630439435439743,1.969127853178244,0.1982465185072618,0.35058922547550087,1.6501150222113665,0.17412135479338486
final_path,breast,uniform_iid_nested,majorant,202604,0.15,1,0,0.004,0.003,1.01,2042.6810644271488,0.1,0.07213475204444818,0.004,600,600,0.1981146447605171,0.14947876718918526,0.29828405380249023,2.0,5,"size,texture,surface,irregularity,shape",203381.0,08b0814bbc352e36,0.0,0.0,False,1,,,0.18545532267988232,0.18545532267988232,0.35599262674907145,1.7035365576521868,0.18925279496058764,0.3188113814247727,1.572960368376341,0.16158620511011595,0.3305391177755176,1.7585926764066757,0.17106086953299168
final_path,breast,uniform_iid_nested,majorant,202600,0.15,2,1,0.004,0.003,1.5,2892.197632448093,0.09000000000000001,0.06492127684000336,0.0036000000000000003,600,1200,0.1853781878721968,0.08912840598465316,0.49814701080322266,2.0,5,"size,texture,surface,irregularity,shape",203377.0,413f78ec4c89bd84,0.0,0.0,False,2,,,0.12479217039196369,0.12409947037070629,0.3357153251137734,1.9464154472702038,0.13120282094793112,0.37583304381686045,2.424957866193716,0.16400245974050448,0.375114396216912,2.2606433105741623,0.16044739103929379
final_path,breast,uniform_iid_nested,majorant,202601,0.15,2,1,0.004,0.003,1.5,2849.3436591654954,0.09000000000000001,0.06492127684000336,0.0036000000000000003,600,1200,0.2013592846287808,0.10354954716020089,0.6089787483215332,2.0,5,"size,texture,surface,irregularity,shape",203378.0,4c5528b9a6768ace,0.0,0.0,False,2,,,0.14051278604156947,0.14005969625126644,0.3502561603097876,2.108926304167388,0.14089076604720507,0.3458030475276525,2.352938892922659,0.15813846636498954,0.31662207611848237,1.9072362961703542,0.1086639069243581
final_path,breast,uniform_iid_nested,majorant,202602,0.15,2,1,0.004,0.003,1.5,2930.9449112535776,0.09000000000000001,0.06492127684000336,0.0036000000000000003,600,1200,0.22080883517081676,0.11335984466431132,0.4577970504760742,2.0,5,"size,texture,surface,irregularity,shape",203379.0,85d8a599c3bddf16,0.0,0.0,False,2,,,0.16751133846046817,0.16043588640187503,0.28572555514975573,1.7937231407604142,0.1499776637699294,0.19645708857405103,1.5042959513865408,0.10333009262333195,0.29842064755155323,2.146748748711968,0.1827284047544795
final_path,breast,uniform_iid_nested,majorant,202603,0.15,2,1,0.004,0.003,1.5,2907.266215695535,0.09000000000000001,0.06492127684000336,0.0036000000000000003,600,1200,0.19610909249141784,0.09691033149702069,0.5239291191101074,2.0,5,"size,texture,surface,irregularity,shape",203380.0,f3f0d17901dbd68d,0.0,0.0,False,2,,,0.13875420774583325,0.13478079136477641,0.35665439634044366,2.102088787499096,0.13474892072562258,0.3726886514753324,2.4922157570646433,0.171036544713183,0.3465213273586717,2.03448885172087,0.1331714908698509
final_path,breast,uniform_iid_nested,majorant,202604,0.15,2,1,0.004,0.003,1.5,3033.684749149231,0.09000000000000001,0.06492127684000336,0.0036000000000000003,600,1200,0.2125841963667004,0.09050796915740121,0.5234189033508301,2.0,5,"size,texture,surface,irregularity,shape",203381.0,4be21fef3b71609d,0.0,0.0,False,2,,,0.15343004458835688,0.15152704969596104,0.36404284335103243,1.975061309799025,0.15297485933090776,0.32559341403933,1.855695496121778,0.1272985483871431,0.3283739479036948,2.004306687241016,0.1342330926391587
final_path,breast,uniform_iid_nested,majorant,202600,0.15,4,2,0.0025,0.0001,1.01,1947.4130725150492,0.08100000000000002,0.029214574578001515,0.0010125000000000002,600,1800,0.19330504769418355,0.1651070573140851,0.8818340301513672,2.0,5,"size,texture,surface,irregularity,shape",203377.0,1a4c9687376d0b5a,0.0,0.0,False,4,,,0.17625160182845848,0.14606270460376172,0.35708928020226166,1.9735062967781252,0.14002159700245062,0.40144999170093637,2.5256125609579474,0.17859716832160502,0.39475017184249694,2.299066710965445,0.16904591330349122
final_path,breast,uniform_iid_nested,majorant,202601,0.15,4,2,0.0025,0.0001,1.01,1918.5580638381002,0.08100000000000002,0.029214574578001515,0.0010125000000000002,600,1800,0.2128965844449414,0.17394502451904037,0.8434591293334961,2.0,5,"size,texture,surface,irregularity,shape",203378.0,2fc81d608e087665,0.0,0.0,False,4,,,0.19184103346442602,0.16760528032544694,0.3161892243570747,1.8396836686210374,0.15177044296174455,0.3137957681316737,2.0615932162123856,0.16699757161251141,0.2886557548636737,1.6808583734078828,0.11906250973689302
final_path,breast,uniform_iid_nested,majorant,202602,0.15,4,2,0.0025,0.0001,1.01,1973.5029069107422,0.08100000000000002,0.029214574578001515,0.0010125000000000002,600,1800,0.21653007084121334,0.14331043120329864,0.8827099800109863,2.0,5,"size,texture,surface,irregularity,shape",203379.0,da56f009006fa9b9,0.0,0.0,False,4,,,0.1849734175843402,0.1738439770296144,0.2862698443161843,1.6814329240199573,0.16188059381546602,0.20038831521347183,1.3991633482638706,0.11363685866667832,0.2871341467914747,1.9799731271644525,0.19024898921198458
final_path,breast,uniform_iid_nested,majorant,202603,0.15,4,2,0.0025,0.0001,1.01,1957.5592519016602,0.08100000000000002,0.029214574578001515,0.0010125000000000002,600,1800,0.20515679891599467,0.14572011561073597,0.9869120121002197,2.0,5,"size,texture,surface,irregularity,shape",203380.0,375273785c91851e,0.0,0.0,False,4,,,0.18141776689054562,0.15981768826972312,0.346647170311603,1.9704979877507887,0.14476838427501515,0.3611715751278131,2.3069699440272484,0.1762107476477545,0.3387403089507217,1.9077762625338421,0.14417532953429385
final_path,breast,uniform_iid_nested,majorant,202604,0.15,4,2,0.0025,0.0001,1.01,2042.6810644271488,0.08100000000000002,0.029214574578001515,0.0010125000000000002,600,1800,0.2009833236659829,0.12453742607281483,0.8470520973205566,2.0,5,"size,texture,surface,irregularity,shape",203381.0,57f21572c20a495a,0.0,0.0,False,4,,,0.1625246549541589,0.15992053428373657,0.3545148636018925,1.891657047324242,0.1621700272510864,0.31606956004523556,1.764621500462998,0.13579267394910294,0.32305092395708723,1.9316892201918971,0.1437841873303061
final_path,breast,uniform_iid_nested,majorant,202600,0.15,8,3,0.0025,0.003,1.01,1947.4130725150492,0.0729,0.017528744746800908,0.0006075000000000001,600,2400,0.20251258196453623,0.1469624552704641,1.5540852546691895,2.0,5,"size,texture,surface,irregularity,shape",203377.0,c0a927fa993a01f4,0.0,0.0,False,8,,,0.16653805160051638,0.1455778322348722,0.35634286353856676,2.003889600435238,0.13780989684369777,0.40066981886757863,2.5707818244894165,0.17735801129156964,0.39413802724128644,2.355885264473953,0.1673782647858068
final_path,breast,uniform_iid_nested,majorant,202601,0.15,8,3,0.0025,0.003,1.01,1918.5580638381002,0.0729,0.017528744746800908,0.0006075000000000001,600,2400,0.21703400892783567,0.12428324450919236,1.5378999710083008,2.0,5,"size,texture,surface,irregularity,shape",203378.0,35e729a46f224d98,0.0,0.0,False,8,,,0.18467848936932887,0.16171755662279488,0.31091133073595395,1.8217109983677944,0.14969800984863257,0.30816242075723765,2.044882707396635,0.16517489080520492,0.2857205682209847,1.6547654645865892,0.11720023399778233
final_path,breast,uniform_iid_nested,majorant,202602,0.15,8,3,0.0025,0.003,1.01,1973.5029069107422,0.0729,0.017528744746800908,0.0006075000000000001,600,2400,0.2265743960482463,0.12310760375337106,1.6447901725769043,2.0,5,"size,texture,surface,irregularity,shape",203379.0,3b2b0d4b3270e8ca,0.0,0.0,False,8,,,0.18845032672369,0.17231911057153207,0.27883908754869763,1.670739745042455,0.15839191343368778,0.194719435270335,1.3886493809316078,0.11104889993000595,0.2817221252138186,1.9930505941763013,0.18860205124629187
final_path,breast,uniform_iid_nested,majorant,202603,0.15,8,3,0.0025,0.003,1.01,1957.5592519016602,0.0729,0.017528744746800908,0.0006075000000000001,600,2400,0.21771961694986927,0.09566077245294939,1.8028931617736816,2.0,5,"size,texture,surface,irregularity,shape",203380.0,8655d6c0e0a75fc2,0.0,0.0,False,8,,,0.18788527510716171,0.15680375649468303,0.33951333311036264,1.940306516161959,0.14403700632318114,0.35357254466830534,2.259569405923218,0.17488481883429097,0.33197473346374234,1.8795656050398752,0.1430522943493594
final_path,breast,uniform_iid_nested,majorant,202604,0.15,8,3,0.0025,0.003,1.01,2042.6810644271488,0.0729,0.017528744746800908,0.0006075000000000001,600,2400,0.20974012085164945,0.11645218390263508,1.5475850105285645,2.0,5,"size,texture,surface,irregularity,shape",203381.0,6e8a9a467914b211,0.0,0.0,False,8,,,0.1611365246392149,0.15809883894833665,0.34987423881893354,1.8837516261614204,0.15894911015867322,0.31281751778825995,1.766197383674409,0.1336495163856129,0.3161592107227305,1.907252282764625,0.13983802294652997
final_path,breast,uniform_iid_nested,majorant,202600,0.15,16,4,0.0025,0.003,1.01,1947.4130725150492,0.06561,0.011831902704090612,0.0004100625,600,3000,0.19743867084248953,0.12423278510918084,3.0637519359588623,2.0,5,"size,texture,surface,irregularity,shape",203377.0,a676d99e0129d6c5,0.0,0.0,False,16,,,0.1647575822157663,0.14298030256251099,0.34901068172304534,2.0114776707487123,0.134072537027605,0.39271263229398345,2.5702837604269138,0.17316747731725765,0.3878123954390068,2.375587711993167,0.16389194590415937
final_path,breast,uniform_iid_nested,majorant,202601,0.15,16,4,0.0025,0.003,1.01,1918.5580638381002,0.06561,0.011831902704090612,0.0004100625,600,3000,0.20659228121738527,0.1146966872118936,3.048182964324951,2.0,5,"size,texture,surface,irregularity,shape",203378.0,26390ac6adc45a97,0.0,0.0,False,16,,,0.17929016938003042,0.15361881508396355,0.30990611031528775,1.8437883733774605,0.1462378987408366,0.30811123959776443,2.0728207947141324,0.16232087574221898,0.2854754955579008,1.6693530837552288,0.11434265050974543
final_path,breast,uniform_iid_nested,majorant,202602,0.15,16,4,0.0025,0.003,1.01,1973.5029069107422,0.06561,0.011831902704090612,0.0004100625,600,3000,0.216838817648667,0.11616370408380038,3.1131811141967773,2.0,5,"size,texture,surface,irregularity,shape",203379.0,444a964abdafa510,0.0,0.0,False,16,,,0.1833647506489366,0.16398099545067285,0.2756407717419587,1.685284782741649,0.1543252598331251,0.1912451158176044,1.397208851274139,0.10758998079827438,0.28015429500352695,2.0220280190369295,0.1859660227797356
final_path,breast,uniform_iid_nested,majorant,202603,0.15,16,4,0.0025,0.003,1.01,1957.5592519016602,0.06561,0.011831902704090612,0.0004100625,600,3000,0.22218262897869226,0.13137271558031785,3.625417947769165,2.0,5,"size,texture,surface,irregularity,shape",203380.0,c85a9ae56d553b40,0.0,0.0,False,16,,,0.2014678614002729,0.15449689733846184,0.3276016583029943,1.9272264637053529,0.14105729479820883,0.3421719179761737,2.2460432101283883,0.172500634663835,0.31996953334752914,1.8656833195512526,0.1397569473422188
final_path,breast,uniform_iid_nested,majorant,202604,0.15,16,4,0.0025,0.003,1.01,2042.6810644271488,0.06561,0.011831902704090612,0.0004100625,600,3000,0.2633695780879297,0.20179563079957638,3.03214693069458,2.0,5,"size,texture,surface,irregularity,shape",203381.0,d92975cf6c98be8b,0.0,0.0,False,16,,,0.2355027061195747,0.17783706905217989,0.32532254572985814,1.819860759514769,0.15515749295275877,0.29094854405388015,1.7207624135339878,0.1320867615959413,0.29194370398704733,1.8287946621056397,0.13600749888464103
final_path,breast,uniform_iid_nested,majorant,202600,0.15,64,5,0.008,0.001,0.75,1446.0988162240465,0.05904900000000001,0.007099141622454369,0.0007873200000000002,600,3600,0.20925689762077423,0.19498140500148864,12.130104064941406,2.0,5,"size,texture,surface,irregularity,shape",203377.0,1d942174c026235c,0.0,0.0,False,64,16.0,in_memory_N16_state,0.20200023433913186,0.1423647285602296,0.3400778207849548,2.0485408741545474,0.13008362338369875,0.38376792016210964,2.6134030178496204,0.17028574484893944,0.3767239934437908,2.46828052924749,0.16030145863021894
final_path,breast,uniform_iid_nested,majorant,202601,0.15,64,5,0.008,0.001,0.75,1424.6718295827477,0.05904900000000001,0.007099141622454369,0.0007873200000000002,600,3600,0.2123405915041768,0.12277379708674191,12.88615083694458,2.0,5,"size,texture,surface,irregularity,shape",203378.0,2e8813420cb65ad9,0.0,0.0,False,64,16.0,in_memory_N16_state,0.19707868330658593,0.15687027674594023,0.2947911862032818,1.9071996630389776,0.14215075169639718,0.3026972502079154,2.1237615904222347,0.15574247437519595,0.26735277736117224,1.6822656853865892,0.10765864212233409
final_path,breast,uniform_iid_nested,majorant,202602,0.15,64,5,0.008,0.001,0.75,1465.4724556267888,0.05904900000000001,0.007099141622454369,0.0007873200000000002,600,3600,0.20250666629339936,0.11217424179057173,12.264757871627808,2.0,5,"size,texture,surface,irregularity,shape",203379.0,9b455f700a0bb3d7,0.0,0.0,False,64,16.0,in_memory_N16_state,0.18927100825872276,0.15640934981537993,0.26012866924309064,1.669920260642029,0.1479055631169013,0.17806913775473052,1.3691956866650088,0.10241504126608762,0.27183718943429364,2.0261405848651033,0.18247253577938094
final_path,breast,uniform_iid_nested,majorant,202603,0.15,64,5,0.008,0.001,0.75,1453.6331078477674,0.05904900000000001,0.007099141622454369,0.0007873200000000002,600,3600,0.21873478627172202,0.1832112698882707,15.231661081314087,2.0,5,"size,texture,surface,irregularity,shape",203380.0,3c7c1c973d8cdf08,0.0,0.0,False,64,16.0,in_memory_N16_state,0.2121287459580429,0.1489079897397219,0.3048383449572731,1.920995837628644,0.1371131917789767,0.3177287693963283,2.220856301627096,0.16813103187644113,0.2967794709433008,1.8365944898173836,0.13460250502894391
final_path,breast,uniform_iid_nested,majorant,202604,0.15,64,5,0.008,0.001,0.75,1516.8423745746154,0.05904900000000001,0.007099141622454369,0.0007873200000000002,600,3600,0.23580823001291915,0.17884137279853923,12.408706903457642,2.0,5,"size,texture,surface,irregularity,shape",203381.0,2c0666dc17aa0bed,0.0,0.0,False,64,16.0,in_memory_N16_state,0.22144545666549578,0.16480767150668948,0.3048924515179937,1.820417268579103,0.1490832156538089,0.2730116392079499,1.7198589726555795,0.12761486797075527,0.27358135645970844,1.816000278036575,0.13067519313702702
final_path,breast,uniform_iid_nested,majorant,202600,0.15,256,6,0.008,0.001,0.75,1446.0988162240465,0.05314410000000001,0.004791920595156698,0.000531441,600,4200,0.238752311522264,0.31127184413955117,58.27195906639099,2.0,5,"size,texture,surface,irregularity,shape",203377.0,26272fa53e9d9550,0.0,0.0,False,256,64.0,,0.23118967051009728,0.14089058060337906,0.2860486709331153,1.8155777978363747,0.12716458575258527,0.31868238484788197,2.265954055130352,0.1575860973203085,0.32277838256345653,2.227685062580506,0.1538306527839385
final_path,breast,uniform_iid_nested,majorant,202601,0.15,256,6,0.008,0.001,0.75,1424.6718295827477,0.05314410000000001,0.004791920595156698,0.000531441,600,4200,0.22047621900063186,0.1520694567731222,55.79674506187439,2.0,5,"size,texture,surface,irregularity,shape",203378.0,b00209388958222a,0.0,0.0,False,256,64.0,,0.21137390945970155,0.15187706286525723,0.265784947379551,1.820914235813238,0.13968281076079014,0.2901064847660636,2.027519513338654,0.1537139201572262,0.2404666177144938,1.5809129844916712,0.10456994429356097
final_path,breast,uniform_iid_nested,majorant,202602,0.15,256,6,0.008,0.001,0.75,1465.4724556267888,0.05314410000000001,0.004791920595156698,0.000531441,600,4200,0.21554457759528783,0.15466283941821393,54.58550190925598,2.0,5,"size,texture,surface,irregularity,shape",203379.0,a49908f6a46053a4,0.0,0.0,False,256,64.0,,0.20540357373332793,0.15631906476824378,0.2511454475058469,1.6586517840763357,0.1457933203339292,0.17892988322976452,1.3704407958875409,0.10164271706172824,0.275633267349488,2.01230643570042,0.18140812291469183
final_path,breast,uniform_iid_nested,majorant,202603,0.15,256,6,0.008,0.001,0.75,1453.6331078477674,0.05314410000000001,0.004791920595156698,0.000531441,600,4200,0.23431539872759677,0.2731015164544018,63.999480962753296,2.0,5,"size,texture,surface,irregularity,shape",203380.0,cf9b9cfeb1bbcb68,0.0,0.0,False,256,64.0,,0.22884203376721682,0.14773929445914558,0.26307540195684204,1.764639333846815,0.13556381652933794,0.277361958346636,2.0016193039951187,0.1646317636869646,0.2598877297135902,1.678438159882351,0.13257487835216428
final_path,breast,uniform_iid_nested,majorant,202604,0.15,256,6,0.008,0.001,0.75,1516.8423745746154,0.05314410000000001,0.004791920595156698,0.000531441,600,4200,0.23517690929524665,0.1854190021260702,55.062628984451294,2.0,5,"size,texture,surface,irregularity,shape",203381.0,667a12523a66f890,0.0,0.0,False,256,64.0,,0.22709215703539207,0.16092751378424383,0.27618283145804856,1.7551559219777932,0.14644946946131368,0.24709941469692592,1.6465348672151077,0.1269971129404102,0.2464780661217201,1.743031777175741,0.12837947524701426
final_path,breast,uniform_iid_nested,majorant,202600,0.25,1,0,0.001,0.003,1.01,1947.4130725150492,0.1,0.07213475204444818,0.001,600,600,0.2846874649020859,0.4323335378811759,0.2960388660430908,2.0,5,"size,texture,surface,irregularity,shape",203377.0,ff4cefec58843559,0.0,0.0,False,1,,,0.27785987518379046,0.27785987518379046,0.5148619317922625,1.6039804606218264,0.2973932144024039,0.5408245489205428,1.9321808911569847,0.3087605826628833,0.5210495373909085,1.7576417524314134,0.29655054653186025
final_path,breast,uniform_iid_nested,majorant,202601,0.25,1,0,0.001,0.003,1.01,1918.5580638381002,0.1,0.07213475204444818,0.001,600,600,0.32981322001005065,0.45164754861024,0.3032679557800293,2.0,5,"size,texture,surface,irregularity,shape",203378.0,cdbca413b3824514,0.0,0.0,False,1,,,0.32350007950866955,0.32350007950866955,0.5684897899526498,1.680228663931538,0.32986422642062924,0.5429391814953901,1.7123910630963615,0.33107693657297926,0.5329828905524056,1.6090485403326718,0.29087011220836906
final_path,breast,uniform_iid_nested,majorant,202602,0.25,1,0,0.001,0.003,1.01,1973.5029069107422,0.1,0.07213475204444818,0.001,600,600,0.3684638564405967,0.4465854920574387,0.3843998908996582,2.0,5,"size,texture,surface,irregularity,shape",203379.0,5b169b788ff5e8df,0.0,0.0,False,1,,,0.3625565565660047,0.3625565565660047,0.46977399543962506,1.442199117194657,0.3495764188736414,0.40570850758681565,1.2643844592657896,0.30221229644232456,0.45869527223666784,1.4432237669025862,0.3483624206534188
final_path,breast,uniform_iid_nested,majorant,202603,0.25,1,0,0.001,0.003,1.01,1957.5592519016602,0.1,0.07213475204444818,0.001,600,600,0.29261815021180554,0.4280027936711978,0.3030261993408203,2.0,5,"size,texture,surface,irregularity,shape",203380.0,63d64454aa5a6438,0.0,0.0,False,1,,,0.28592043029333014,0.28592043029333014,0.5376530923458871,1.722817648397266,0.30233165071111423,0.5497399670878593,1.877597670729098,0.3157186284332958,0.539651352846369,1.6818220526360286,0.309777713549314
final_path,breast,uniform_iid_nested,majorant,202604,0.25,1,0,0.001,0.003,1.01,2042.6810644271488,0.1,0.07213475204444818,0.001,600,600,0.3236627394867696,0.42333807863642636,0.29944705963134766,2.0,5,"size,texture,surface,irregularity,shape",203381.0,6259540acc86d0a1,0.0,0.0,False,1,,,0.3170146382264961,0.3170146382264961,0.508480209297115,1.6043236655727655,0.31732608768512754,0.4777390535636421,1.4935556898382203,0.29293465004680214,0.49526682988917725,1.6612842461292372,0.30452437233181906
final_path,breast,uniform_iid_nested,majorant,202600,0.25,2,1,0.0015,0.0,1.5,2892.197632448093,0.09000000000000001,0.06492127684000336,0.00135,600,1200,0.22610290738657485,0.20724372112690453,0.45847606658935547,2.0,5,"size,texture,surface,irregularity,shape",203377.0,74ffd2aa9024de88,0.0,0.0,False,2,,,0.18286105724074328,0.18101600731344875,0.551451389152257,2.3138015919412385,0.19086318224027446,0.5895154197983743,2.8358030009112554,0.2186495883071276,0.5749233483363148,2.598006347457458,0.21056933416296897
final_path,breast,uniform_iid_nested,majorant,202601,0.25,2,1,0.0015,0.0,1.5,2849.3436591654954,0.09000000000000001,0.06492127684000336,0.00135,600,1200,0.25099673389699817,0.2268138098026283,0.5036871433258057,2.0,5,"size,texture,surface,irregularity,shape",203378.0,3cd818e00fa471b8,0.0,0.0,False,2,,,0.20859868353503974,0.20586097076952176,0.688060311226868,2.659081256498933,0.21461240120513433,0.6474852375544943,2.7779002112365103,0.22155178037268258,0.6321016928030309,2.5341515355316444,0.17562062086941393
final_path,breast,uniform_iid_nested,majorant,202602,0.25,2,1,0.0015,0.0,1.5,2930.9449112535776,0.09000000000000001,0.06492127684000336,0.00135,600,1200,0.2912787069004587,0.23753778460839312,0.5249569416046143,2.0,5,"size,texture,surface,irregularity,shape",203379.0,3cd82bb42599ed34,0.0,0.0,False,2,,,0.2515335453812423,0.24594818234747473,0.4768330001130264,2.067592437501431,0.23134685020493226,0.3676835316747974,1.7746416850804743,0.17475311273737687,0.45682797375836515,2.1628707591005205,0.24297270464614867
final_path,breast,uniform_iid_nested,majorant,202603,0.25,2,1,0.0015,0.0,1.5,2907.266215695535,0.09000000000000001,0.06492127684000336,0.00135,600,1200,0.23880773837881691,0.21036756485511438,0.5062141418457031,2.0,5,"size,texture,surface,irregularity,shape",203380.0,7d95ab38b5c57473,0.0,0.0,False,2,,,0.1966760807347744,0.1936746799170438,0.6281702727380887,2.6643659861618856,0.19871760264119934,0.6398186147716336,2.950036653462243,0.2243467223907455,0.6222562250181615,2.5630648730993486,0.19974771015320603
final_path,breast,uniform_iid_nested,majorant,202604,0.25,2,1,0.0015,0.0,1.5,3033.684749149231,0.09000000000000001,0.06492127684000336,0.00135,600,1200,0.26450959259542595,0.19994418204071063,0.4945371150970459,2.0,5,"size,texture,surface,irregularity,shape",203381.0,4452329a9220b4ac,0.0,0.0,False,2,,,0.22198251467481045,0.2193945606207046,0.6070289686422305,2.455376594464304,0.2167715485584769,0.5589619718584491,2.2922693017309563,0.18669477759374506,0.5765370048547859,2.5577940326802455,0.20019007209342107
final_path,breast,uniform_iid_nested,majorant,202600,0.25,4,2,0.001,0.0,1.5,2892.197632448093,0.08100000000000002,0.029214574578001515,0.00040500000000000003,600,1800,0.2645917734850429,0.33341837447347006,0.8691987991333008,2.0,5,"size,texture,surface,irregularity,shape",203377.0,c0048f255ee57dda,0.0,0.0,False,4,,,0.2488429562915354,0.21681187200286423,0.62056992916353,2.406908701568902,0.2107599691559154,0.6602123806190973,2.9681536395041213,0.24257420794200416,0.6391091956825096,2.6979121548582836,0.22866394284576283
final_path,breast,uniform_iid_nested,majorant,202601,0.25,4,2,0.001,0.0,1.5,2849.3436591654954,0.08100000000000002,0.029214574578001515,0.00040500000000000003,600,1800,0.3110732829724379,0.4059637131699481,0.8921499252319336,2.0,5,"size,texture,surface,irregularity,shape",203378.0,101212c75b8374a4,0.0,0.0,False,4,,,0.29893176923420184,0.25869762752247916,0.5220439762467535,2.0549718316715775,0.2334139752772719,0.4963818083241383,2.1604978580487537,0.23959540739823473,0.4880927153410046,1.9600904651566127,0.1964479288384425
final_path,breast,uniform_iid_nested,majorant,202602,0.25,4,2,0.001,0.0,1.5,2930.9449112535776,0.08100000000000002,0.029214574578001515,0.00040500000000000003,600,1800,0.30736382894673436,0.26855410188071344,0.8844261169433594,2.0,5,"size,texture,surface,irregularity,shape",203379.0,e43cd3f72e6c38a7,0.0,0.0,False,4,,,0.27479160488018617,0.26543559668596794,0.4487864071882916,1.8728409191697653,0.24831528743185874,0.35206123671287265,1.6012451320440189,0.19302175684826592,0.4322490639561797,1.9487195267851798,0.25729063043960826
final_path,breast,uniform_iid_nested,majorant,202603,0.25,4,2,0.001,0.0,1.5,2907.266215695535,0.08100000000000002,0.029214574578001515,0.00040500000000000003,600,1800,0.2946987937043464,0.27469961529580483,0.9152178764343262,2.0,5,"size,texture,surface,irregularity,shape",203380.0,3452fad758f6672a,0.0,0.0,False,4,,,0.2803326793312679,0.24027972883957704,0.5946294262786515,2.407749118861143,0.21723699677421743,0.6050103161904221,2.643747735392034,0.2383216148119693,0.5887759413360598,2.323858039930146,0.22033600552248894
final_path,breast,uniform_iid_nested,majorant,202604,0.25,4,2,0.001,0.0,1.5,3033.684749149231,0.08100000000000002,0.029214574578001515,0.00040500000000000003,600,1800,0.27196860128596134,0.2394663903341767,0.8461921215057373,2.0,5,"size,texture,surface,irregularity,shape",203381.0,4e043c3a201cf734,0.0,0.0,False,4,,,0.23657513092842478,0.23122298153621068,0.5771530109204299,2.277924459176055,0.2315800343280766,0.5325884900047244,2.12331634411739,0.2021943253640274,0.5523104435061696,2.372344408964902,0.21588004958680748
final_path,breast,uniform_iid_nested,majorant,202600,0.25,8,3,0.001,0.003,1.01,1947.4130725150492,0.0729,0.017528744746800908,0.00024300000000000005,600,2400,0.26950885990237006,0.3048273410301112,1.5786292552947998,2.0,5,"size,texture,surface,irregularity,shape",203377.0,ccec5a4008ee32fc,0.0,0.0,False,8,,,0.24140635241947467,0.21474826941922315,0.6283592565356654,2.480397329617926,0.20548134079373098,0.6683526048082443,3.05015430167132,0.23908345431868022,0.6486300536599108,2.793241475648498,0.22516275070513397
final_path,breast,uniform_iid_nested,majorant,202601,0.25,8,3,0.001,0.003,1.01,1918.5580638381002,0.0729,0.017528744746800908,0.00024300000000000005,600,2400,0.30009714027995,0.2773067073827906,1.591742992401123,2.0,5,"size,texture,surface,irregularity,shape",203378.0,666521204644e3b3,0.0,0.0,False,8,,,0.2789862815697773,0.24473327341333884,0.5183712777051945,2.044606102581437,0.228099037611904,0.491600995088639,2.1473232875698858,0.235006979620499,0.4880304760403687,1.9404774835440006,0.1919594392337779
final_path,breast,uniform_iid_nested,majorant,202602,0.25,8,3,0.001,0.003,1.01,1973.5029069107422,0.0729,0.017528744746800908,0.00024300000000000005,600,2400,0.3220864430830599,0.28933419650819553,1.5607380867004395,2.0,5,"size,texture,surface,irregularity,shape",203379.0,8b41e6b6e19144a7,0.0,0.0,False,8,,,0.3029383880506432,0.26348237698037663,0.44972545353601534,1.8881850154255289,0.2407283545947907,0.35386193935644616,1.6201522941752895,0.18709153166744438,0.43483400310025827,1.9965171003101092,0.25162061753456233
final_path,breast,uniform_iid_nested,majorant,202603,0.25,8,3,0.001,0.003,1.01,1957.5592519016602,0.0729,0.017528744746800908,0.00024300000000000005,600,2400,0.3122279415522792,0.1986799340843021,1.7598958015441895,2.0,5,"size,texture,surface,irregularity,shape",203380.0,2019dd80141c26ac,0.0,0.0,False,8,,,0.29423896557173057,0.23694411733613055,0.5708745726357882,2.3246544690498654,0.21616162817129214,0.581235816501692,2.5413742698890824,0.23652082803139907,0.5663533235043918,2.2261558137850126,0.2184217415898078
final_path,breast,uniform_iid_nested,majorant,202604,0.25,8,3,0.001,0.003,1.01,2042.6810644271488,0.0729,0.017528744746800908,0.00024300000000000005,600,2400,0.2730201829575161,0.23060143333659622,1.5596199035644531,2.0,5,"size,texture,surface,irregularity,shape",203381.0,8addd63ec67e2830,0.0,0.0,False,8,,,0.2326116507507444,0.2257929300996378,0.5755483538889603,2.2988339629879935,0.22515000924723097,0.5307807111408115,2.149684655620728,0.1964771227540685,0.547180011352915,2.3846133135411733,0.20833355749551988
final_path,breast,uniform_iid_nested,majorant,202600,0.25,16,4,0.001,0.003,1.05,2024.538342713665,0.06561,0.011831902704090612,0.00016402500000000002,600,3000,0.2780369982699594,0.3198908243993446,3.046952962875366,2.0,5,"size,texture,surface,irregularity,shape",203377.0,8f56bd70042af210,0.0,0.0,False,16,,,0.26101409915787255,0.2157486806060741,0.592421047384134,2.402278856206446,0.1989172034308839,0.6307643167643192,2.956502883021995,0.2303121751404656,0.6144774040079374,2.725168762944474,0.2185302100694567
final_path,breast,uniform_iid_nested,majorant,202601,0.25,16,4,0.001,0.003,1.05,1994.540561415847,0.06561,0.011831902704090612,0.00016402500000000002,600,3000,0.28645939922229124,0.24587141335054954,3.1666550636291504,2.0,5,"size,texture,surface,irregularity,shape",203378.0,6a4d678d0f1786f0,0.0,0.0,False,16,,,0.26815055903328516,0.23187215728280552,0.5204429747978052,2.0820807444314386,0.22293138597256495,0.4938964599934702,2.186291205975604,0.2303517281872938,0.490820961525376,1.9790132205175404,0.1872882621254598
final_path,breast,uniform_iid_nested,majorant,202602,0.25,16,4,0.001,0.003,1.05,2051.6614378775043,0.06561,0.011831902704090612,0.00016402500000000002,600,3000,0.30880474049237283,0.2626941510410016,3.111363172531128,2.0,5,"size,texture,surface,irregularity,shape",203379.0,077ebfef4c5c0766,0.0,0.0,False,16,,,0.2915591856534257,0.25052350765439113,0.451098957711759,1.9143084306387652,0.23460601659486532,0.35437831461554736,1.6428873956152943,0.1816537841286568,0.43682552296046534,2.0394640637978214,0.24683483690510086
final_path,breast,uniform_iid_nested,majorant,202603,0.25,16,4,0.001,0.003,1.05,2035.0863509868745,0.06561,0.011831902704090612,0.00016402500000000002,600,3000,0.3228423944229142,0.30135003456148296,3.5900542736053467,2.0,5,"size,texture,surface,irregularity,shape",203380.0,283337aba8eec222,0.0,0.0,False,16,,,0.30990118195716115,0.2344644551162252,0.5439301803400649,2.2818502157187637,0.21279863372004387,0.555377762851031,2.4966064726425947,0.23376646138640164,0.5396294174823254,2.1801726625199067,0.21438515033256414
final_path,breast,uniform_iid_nested,majorant,202604,0.25,16,4,0.001,0.003,1.05,2123.5793244044617,0.06561,0.011831902704090612,0.00016402500000000002,600,3000,0.38228783892016843,0.3799848597467024,3.067945957183838,2.0,5,"size,texture,surface,irregularity,shape",203381.0,312fe2caef88a173,0.0,0.0,False,16,,,0.36230987017972194,0.2629457796867195,0.5088267181238579,2.1096431075624804,0.2222538788741286,0.4664153396846493,1.992758397020945,0.19667537719514824,0.48205124145720707,2.1679817409280404,0.2051232297493111
final_path,breast,uniform_iid_nested,majorant,202600,0.25,64,5,0.004,0.003,1.01,1947.4130725150492,0.05904900000000001,0.007099141622454369,0.0003936600000000001,600,3600,0.32374250885379735,0.25238470096240573,12.252156019210815,2.0,5,"size,texture,surface,irregularity,shape",203377.0,554e26cb1fbe55cd,0.0,0.0,False,64,16.0,in_memory_N16_state,0.30658088065133693,0.21976528443348536,0.5790824127595523,2.4216612544025486,0.19591913780851972,0.6183980350142053,2.9570666124680685,0.2281418013157889,0.5982637185791629,2.7890236667797788,0.2156450427165507
final_path,breast,uniform_iid_nested,majorant,202601,0.25,64,5,0.004,0.003,1.01,1918.5580638381002,0.05904900000000001,0.007099141622454369,0.0003936600000000001,600,3600,0.3212889380435903,0.29281321823852846,13.531373023986816,2.0,5,"size,texture,surface,irregularity,shape",203378.0,0e3bd02bee1a805a,0.0,0.0,False,64,16.0,in_memory_N16_state,0.3057963923811936,0.238767699940037,0.4737561413840682,2.0926342403215017,0.2152187624196361,0.44690623765042514,2.185029856767314,0.21832258202931487,0.43892113098162555,1.9266450711219498,0.175035721480967
final_path,breast,uniform_iid_nested,majorant,202602,0.25,64,5,0.004,0.003,1.01,1973.5029069107422,0.05904900000000001,0.007099141622454369,0.0003936600000000001,600,3600,0.30437813238788514,0.21648692814143758,13.516088962554932,2.0,5,"size,texture,surface,irregularity,shape",203379.0,6f93b45fef4eea4b,0.0,0.0,False,64,16.0,in_memory_N16_state,0.2859899964777107,0.23784251399515322,0.39569929176544183,1.8122228932050952,0.22451928488337342,0.3044566633616797,1.5356071621074934,0.17323289174096226,0.3859508317701817,1.9565818459077018,0.2392055353923899
final_path,breast,uniform_iid_nested,majorant,202603,0.25,64,5,0.004,0.003,1.01,1957.5592519016602,0.05904900000000001,0.007099141622454369,0.0003936600000000001,600,3600,0.3367491618997866,0.306983795671445,15.066179275512695,2.0,5,"size,texture,surface,irregularity,shape",203380.0,bf1937cc2a308e0d,0.0,0.0,False,64,16.0,in_memory_N16_state,0.3231714481075125,0.23186323772217654,0.503499102665874,2.221795038412892,0.21037102931477022,0.5132642514221701,2.4250518458769945,0.23036198230453192,0.49829987183151764,2.117954300227594,0.2102070647568879
final_path,breast,uniform_iid_nested,majorant,202604,0.25,64,5,0.004,0.003,1.01,2042.6810644271488,0.05904900000000001,0.007099141622454369,0.0003936600000000001,600,3600,0.355504088630482,0.30398997254619153,12.618827819824219,2.0,5,"size,texture,surface,irregularity,shape",203381.0,7812c294aa40502a,0.0,0.0,False,64,16.0,in_memory_N16_state,0.3403794613362711,0.24402687070129014,0.4720916188219895,2.0427761148567463,0.2167617213268363,0.43253983125175227,1.9381439202367072,0.19322403977069083,0.44829094137456904,2.083906573478871,0.20004456819917843
final_path,breast,uniform_iid_nested,majorant,202600,0.25,256,6,0.004,0.003,1.01,1947.4130725150492,0.05314410000000001,0.004791920595156698,0.0002657205,600,4200,0.3626662319787415,0.6585454075250226,57.01309895515442,2.0,5,"size,texture,surface,irregularity,shape",203377.0,e8e163f1401745f8,0.0,0.0,False,256,64.0,,0.3494675551470524,0.2197992142616159,0.4254460179359538,1.8940921811520934,0.19698878576816,0.4517068243345666,2.242811536736608,0.21583810796706648,0.4485396678729028,2.2245305677252847,0.21086500858960275
final_path,breast,uniform_iid_nested,majorant,202601,0.25,256,6,0.004,0.003,1.01,1918.5580638381002,0.05314410000000001,0.004791920595156698,0.0002657205,600,4200,0.3452654808912871,0.35689070234735343,57.43361282348633,2.0,5,"size,texture,surface,irregularity,shape",203378.0,7e3704fc10afb29d,0.0,0.0,False,256,64.0,,0.3332123792000462,0.23224565746798442,0.42084131859943313,1.953712174645934,0.21365973938918711,0.42060198884880334,2.0323095730968777,0.21704652985989958,0.3864958787189111,1.7648411526171008,0.17163536452247305
final_path,breast,uniform_iid_nested,majorant,202602,0.25,256,6,0.004,0.003,1.01,1973.5029069107422,0.05314410000000001,0.004791920595156698,0.0002657205,600,4200,0.33412784927775147,0.3098279895871478,58.0841269493103,2.0,5,"size,texture,surface,irregularity,shape",203379.0,538cd0d641184a44,0.0,0.0,False,256,64.0,,0.31994346865939494,0.23996360465880667,0.371860686922239,1.739266224998578,0.22365687967348802,0.2879016142357827,1.4900143842249332,0.1738739493717858,0.36677298727330493,1.8901789039394534,0.23941968794992521
final_path,breast,uniform_iid_nested,majorant,202603,0.25,256,6,0.004,0.003,1.01,1957.5592519016602,0.05314410000000001,0.004791920595156698,0.0002657205,600,4200,0.3482091960559906,0.5994623521091234,63.4315459728241,2.0,5,"size,texture,surface,irregularity,shape",203380.0,f9553dae4a57e7f4,0.0,0.0,False,256,64.0,,0.33788512830733225,0.23128384681184877,0.3854760601937559,1.8082044330610796,0.21212592445820183,0.40018627707986015,1.9601697128208404,0.23101772375345783,0.3880965209033907,1.7092762436036153,0.2116576149474421
final_path,breast,uniform_iid_nested,majorant,202604,0.25,256,6,0.004,0.003,1.01,2042.6810644271488,0.05314410000000001,0.004791920595156698,0.0002657205,600,4200,0.35519762921963244,0.3219186431153116,55.12420177459717,2.0,5,"size,texture,surface,irregularity,shape",203381.0,1823bfa58729973b,0.0,0.0,False,256,64.0,,0.3401696636820473,0.2395610227394977,0.4168814645941707,1.90403045989749,0.2152189877040566,0.3786360650350786,1.7932285176428557,0.19368382047482938,0.392458493163663,1.9298159366913863,0.1982604465080529
final_path,breast,uniform_iid_nested,majorant,202600,0.35,1,0,0.001,0.003,1.01,1947.4130725150492,0.1,0.07213475204444818,0.001,600,600,0.2877422372225613,0.4208168423506386,0.30977416038513184,2.0,5,"size,texture,surface,irregularity,shape",203377.0,c9c1eec1a4a19758,0.0,0.0,False,1,,,0.281010379711646,0.281010379711646,0.6534641467439705,2.0250636991177022,0.3019773599294095,0.6834919547424263,2.4052566890883957,0.3146904473444786,0.658449452401971,2.201005882367536,0.30259362570740617
final_path,breast,uniform_iid_nested,majorant,202601,0.35,1,0,0.001,0.003,1.01,1918.5580638381002,0.1,0.07213475204444818,0.001,600,600,0.3208324221419025,0.4569211422817769,0.3143339157104492,2.0,5,"size,texture,surface,irregularity,shape",203378.0,c7619759a073986d,0.0,0.0,False,1,,,0.3145347535810649,0.3145347535810649,0.7700629140545762,2.202984710375119,0.33656672687540967,0.7364289318572879,2.236367636608456,0.34068103470462185,0.7296043984170913,2.149455328193087,0.2988867938685464
final_path,breast,uniform_iid_nested,majorant,202602,0.35,1,0,0.001,0.003,1.01,1973.5029069107422,0.1,0.07213475204444818,0.001,600,600,0.368199964899385,0.4548200501943911,0.295668363571167,2.0,5,"size,texture,surface,irregularity,shape",203379.0,d6f4c94f0f9aa96f,0.0,0.0,False,1,,,0.3623060582836202,0.3623060582836202,0.5769300970294745,1.7963884714817013,0.3623103997534557,0.5024548742759323,1.598301246348245,0.3134884501789566,0.5559654043806497,1.7464941884865188,0.3593938665152637
final_path,breast,uniform_iid_nested,majorant,202603,0.35,1,0,0.001,0.003,1.01,1957.5592519016602,0.1,0.07213475204444818,0.001,600,600,0.29455239920733756,0.4208080704163249,0.30841493606567383,2.0,5,"size,texture,surface,irregularity,shape",203380.0,5311c9915bc2fb98,0.0,0.0,False,1,,,0.28792342472645294,0.28792342472645294,0.6950636871024718,2.18826310433625,0.30621090626983477,0.7074306823732063,2.3410368911582795,0.3204797001338002,0.6961267130243587,2.131190416032379,0.31344942477337456
final_path,breast,uniform_iid_nested,majorant,202604,0.35,1,0,0.001,0.003,1.01,2042.6810644271488,0.1,0.07213475204444818,0.001,600,600,0.34284943079894914,0.4185171510103686,0.27905893325805664,2.0,5,"size,texture,surface,irregularity,shape",203381.0,216757660814455c,0.0,0.0,False,1,,,0.3363562707284259,0.3363562707284259,0.683523331180951,2.0944854880203274,0.3256597318777233,0.650234148946687,1.9629067672643916,0.3007625047802039,0.6686475546609965,2.1771539169149823,0.3127716529473597
final_path,breast,uniform_iid_nested,majorant,202600,0.35,2,1,0.0015,0.003,1.01,1947.4130725150492,0.09000000000000001,0.06492127684000336,0.00135,600,1200,0.24669270302631194,0.19807370579942848,0.49058103561401367,2.0,5,"size,texture,surface,irregularity,shape",203377.0,454a08d9d39b78ad,0.0,0.0,False,2,,,0.19298750160678968,0.19069955903816738,0.7893132302087736,3.01416030371752,0.19921274534174943,0.8260611407439238,3.606610614868081,0.22882225433322745,0.8057970502845646,3.326893755609605,0.22081198531215043
final_path,breast,uniform_iid_nested,majorant,202601,0.35,2,1,0.0015,0.003,1.01,1918.5580638381002,0.09000000000000001,0.06492127684000336,0.00135,600,1200,0.26097106586218977,0.21608353154639373,0.455136775970459,2.0,5,"size,texture,surface,irregularity,shape",203378.0,54c1bac3f56ea3e8,0.0,0.0,False,2,,,0.20608589552829973,0.2052069850108175,1.105337910241079,3.680638549474928,0.22373596383882494,1.0469127674234306,3.7758305516296553,0.23202651249401104,1.0279459575755814,3.576511616684275,0.1854319495841722
final_path,breast,uniform_iid_nested,majorant,202602,0.35,2,1,0.0015,0.003,1.01,1973.5029069107422,0.09000000000000001,0.06492127684000336,0.00135,600,1200,0.3088547686773847,0.2344714234012667,0.4883759021759033,2.0,5,"size,texture,surface,irregularity,shape",203379.0,f901856df22b0c2f,0.0,0.0,False,2,,,0.25794272572332266,0.25374307006801483,0.7601907276534958,2.904730082286022,0.24602062935492355,0.6128272555522011,2.5765829924226016,0.18596042429138043,0.7235327933572967,2.9503591654100916,0.2552287930397126
final_path,breast,uniform_iid_nested,majorant,202603,0.35,2,1,0.0015,0.003,1.01,1957.5592519016602,0.09000000000000001,0.06492127684000336,0.00135,600,1200,0.255063603018349,0.2016488291449463,0.5207118988037109,2.0,5,"size,texture,surface,irregularity,shape",203380.0,9df2b98076b0ef85,0.0,0.0,False,2,,,0.19990916576147716,0.1992951500666951,0.9459790279381979,3.562923398240366,0.20618278844473237,0.955993997742992,3.8141570868246606,0.23224273694681088,0.94058010895563,3.443886595887221,0.2070836739038716
final_path,breast,uniform_iid_nested,majorant,202604,0.35,2,1,0.0015,0.003,1.01,2042.6810644271488,0.09000000000000001,0.06492127684000336,0.00135,600,1200,0.2999800752414915,0.19321109679657353,0.5202000141143799,2.0,5,"size,texture,surface,irregularity,shape",203381.0,e80fc2fa803daf4c,0.0,0.0,False,2,,,0.24731266168169802,0.24429202950858314,0.9648795937804715,3.324105426403093,0.22987981824575254,0.9109092258142296,3.1382668639397076,0.19990445080608124,0.91587740044399,3.4557721499700302,0.2110701124783646
final_path,breast,uniform_iid_nested,majorant,202600,0.35,4,2,0.001,0.003,1.01,1947.4130725150492,0.08100000000000002,0.029214574578001515,0.00040500000000000003,600,1800,0.28260027983472424,0.28326373356563794,0.8885719776153564,2.0,5,"size,texture,surface,irregularity,shape",203377.0,b4c4cf7fb3ab193e,0.0,0.0,False,4,,,0.24810910886498225,0.22854166206551846,0.9549084107501055,3.323394773648188,0.22246627001261488,0.9922349147818682,3.9374095087711853,0.2572766345136894,0.9649184862328318,3.6013855917987327,0.24195060681539687
final_path,breast,uniform_iid_nested,majorant,202601,0.35,4,2,0.001,0.003,1.01,1918.5580638381002,0.08100000000000002,0.029214574578001515,0.00040500000000000003,600,1800,0.331516736138043,0.4511489199256679,0.9182448387145996,2.0,5,"size,texture,surface,irregularity,shape",203378.0,5c63d96eb508e319,0.0,0.0,False,4,,,0.3100396663894738,0.2708966926181581,0.7583334285668425,2.6427485267156037,0.24703750390225462,0.7187964047263707,2.714819071683138,0.2564481234630262,0.7253429977040631,2.5681056617802933,0.21298471298268645
final_path,breast,uniform_iid_nested,majorant,202602,0.35,4,2,0.001,0.003,1.01,1973.5029069107422,0.08100000000000002,0.029214574578001515,0.00040500000000000003,600,1800,0.3312577560627379,0.2705988642932433,0.8852078914642334,2.0,5,"size,texture,surface,irregularity,shape",203379.0,e4c03ff1d104c6f1,0.0,0.0,False,4,,,0.2904211904059273,0.2810461448696457,0.6434061857262968,2.486688794858748,0.2610252901864523,0.5207055658956976,2.191991360011926,0.20358436384878265,0.6131693147850686,2.512323296354763,0.26794581205468326
final_path,breast,uniform_iid_nested,majorant,202603,0.35,4,2,0.001,0.003,1.01,1957.5592519016602,0.08100000000000002,0.029214574578001515,0.00040500000000000003,600,1800,0.3328284174514447,0.3072824511636205,0.852895975112915,2.0,5,"size,texture,surface,irregularity,shape",203380.0,049aaf3caef04bef,0.0,0.0,False,4,,,0.30945504965362086,0.2604005074455064,0.8640538138464977,3.1373898359741688,0.22747520583819184,0.8713749180696869,3.3350895120508484,0.24803633427625957,0.854799843100711,3.0435053370954193,0.23117487804603834
final_path,breast,uniform_iid_nested,majorant,202604,0.35,4,2,0.001,0.003,1.01,2042.6810644271488,0.08100000000000002,0.029214574578001515,0.00040500000000000003,600,1800,0.30307069214910404,0.22750886480505988,0.804887056350708,2.0,5,"size,texture,surface,irregularity,shape",203381.0,abf5114694116214,0.0,0.0,False,4,,,0.26234255353166275,0.2518607146074641,0.8880279703971273,3.05723719949698,0.2438809255547357,0.8380784553370533,2.882148418987143,0.21434582487052617,0.8495067501534355,3.1804238448256155,0.22647754903153244
final_path,breast,uniform_iid_nested,majorant,202600,0.35,8,3,0.001,0.003,1.01,1947.4130725150492,0.0729,0.017528744746800908,0.00024300000000000005,600,2400,0.28067836190126083,0.31077563135602193,1.6202538013458252,2.0,5,"size,texture,surface,irregularity,shape",203377.0,2e616c5df335a491,0.0,0.0,False,8,,,0.253186949590711,0.22421221243694198,0.961164106683057,3.404122215148474,0.21320340954568218,0.9966934340550831,4.004149690018066,0.249127039854539,0.9732898823044858,3.7111730176485302,0.2346692883872322
final_path,breast,uniform_iid_nested,majorant,202601,0.35,8,3,0.001,0.003,1.01,1918.5580638381002,0.0729,0.017528744746800908,0.00024300000000000005,600,2400,0.3320836673932692,0.18558517159536747,1.6853179931640625,2.0,5,"size,texture,surface,irregularity,shape",203378.0,cb7a6ea29d49a74a,0.0,0.0,False,8,,,0.3136751674511702,0.2644968264289481,0.7603150942491991,2.690953784365617,0.24006788996520242,0.7197149962931687,2.756119221264233,0.24917890680079158,0.726127749455293,2.6086443737442626,0.2058677995721243
final_path,breast,uniform_iid_nested,majorant,202602,0.35,8,3,0.001,0.003,1.01,1973.5029069107422,0.0729,0.017528744746800908,0.00024300000000000005,600,2400,0.36112559572495023,0.37070294586343544,1.5574290752410889,2.0,5,"size,texture,surface,irregularity,shape",203379.0,5bfd2fa8a7e4b698,0.0,0.0,False,8,,,0.34068141768178956,0.2874779690600544,0.5892665248739352,2.3444941317910777,0.2520785701388407,0.47261915783293307,2.0500308302965133,0.1974859149558152,0.5632919294131915,2.4133760205776693,0.2612344000706651
final_path,breast,uniform_iid_nested,majorant,202603,0.35,8,3,0.001,0.003,1.01,1957.5592519016602,0.0729,0.017528744746800908,0.00024300000000000005,600,2400,0.38182154872514773,0.48202425099238194,1.5961799621582031,2.0,5,"size,texture,surface,irregularity,shape",203380.0,fbd6eb5e7be40e63,0.0,0.0,False,8,,,0.37088894310209575,0.2641043564585395,0.7386512761520413,2.7574723095958285,0.2324727944132516,0.7474611532037282,2.907891311187431,0.2510674861870925,0.7344038976037521,2.6419616719591605,0.23334560307047336
final_path,breast,uniform_iid_nested,majorant,202604,0.35,8,3,0.001,0.003,1.01,2042.6810644271488,0.0729,0.017528744746800908,0.00024300000000000005,600,2400,0.28820503097641015,0.22410695559135066,1.5623142719268799,2.0,5,"size,texture,surface,irregularity,shape",203381.0,4ccece76c82550eb,0.0,0.0,False,8,,,0.2572308864222473,0.2389070095774753,0.8984436826423973,3.134632974117206,0.23451716389369595,0.8461158833351932,2.96407173435474,0.20523911754658242,0.8545090696436383,3.251454434151728,0.21611642802630948
final_path,breast,uniform_iid_nested,majorant,202600,0.35,16,4,0.001,0.003,1.01,1947.4130725150492,0.06561,0.011831902704090612,0.00016402500000000002,600,3000,0.3124588673607719,0.4908218990202216,3.333514928817749,2.0,5,"size,texture,surface,irregularity,shape",203377.0,a7c0a1facb648e84,0.0,0.0,False,16,,,0.29885554972493816,0.2314075192274904,0.8307890701678262,3.0870845574202077,0.20523671434576446,0.8633629876332681,3.6530473579671052,0.23564855903781312,0.8465564607762969,3.422469446632366,0.22545234389120222
final_path,breast,uniform_iid_nested,majorant,202601,0.35,16,4,0.001,0.003,1.01,1918.5580638381002,0.06561,0.011831902704090612,0.00016402500000000002,600,3000,0.3241994038773213,0.1763309293657918,3.2086338996887207,2.0,5,"size,texture,surface,irregularity,shape",203378.0,1a259ade76888131,0.0,0.0,False,16,,,0.30990123671683095,0.25256322706981804,0.7623973914424957,2.719440761789177,0.23592508676675245,0.7210949886731658,2.7810596851647333,0.244749709637456,0.7268248694056327,2.6311145339175512,0.20147907130963288
final_path,breast,uniform_iid_nested,majorant,202602,0.35,16,4,0.001,0.003,1.01,1973.5029069107422,0.06561,0.011831902704090612,0.00016402500000000002,600,3000,0.3437433154939701,0.3222346470491351,3.0813193321228027,2.0,5,"size,texture,surface,irregularity,shape",203379.0,436ee1ad91d80b9d,0.0,0.0,False,16,,,0.32586776112068105,0.2712200034931417,0.5761598738399017,2.3229141291216644,0.24713428660730494,0.4626790907737689,2.0273636732779114,0.19414615790356848,0.5518898063424209,2.409194061571974,0.2575843194214336
final_path,breast,uniform_iid_nested,majorant,202603,0.35,16,4,0.001,0.003,1.01,1957.5592519016602,0.06561,0.011831902704090612,0.00016402500000000002,600,3000,0.37139721217841287,0.3818294252953393,3.1274259090423584,2.0,5,"size,texture,surface,irregularity,shape",203380.0,e7cd880ebafa94ee,0.0,0.0,False,16,,,0.3527582743036124,0.2634021217321023,0.6722898864953,2.6017644013466907,0.2331102813208471,0.6824763272678437,2.736448486301294,0.2516412304062876,0.6691952324567008,2.47207931869653,0.23290478290024638
final_path,breast,uniform_iid_nested,majorant,202604,0.35,16,4,0.001,0.003,1.01,2042.6810644271488,0.06561,0.011831902704090612,0.00016402500000000002,600,3000,0.47241897931218313,0.5023305278954082,3.0707216262817383,2.0,5,"size,texture,surface,irregularity,shape",203381.0,672562333877f050,0.0,0.0,False,16,,,0.45624873296184526,0.2997597174811685,0.6937475225299187,2.58411989558731,0.23468934556086765,0.6440502526545132,2.4719767951171603,0.21076564636468248,0.6578407684355905,2.6426834044229985,0.2168177398699874
final_path,breast,uniform_iid_nested,majorant,202600,0.35,64,5,0.004,0.003,1.01,1947.4130725150492,0.05904900000000001,0.007099141622454369,0.0003936600000000001,600,3600,0.4037932491785371,0.33091522745617996,12.88384222984314,2.0,5,"size,texture,surface,irregularity,shape",203377.0,e440cbf32aa2bf79,0.0,0.0,False,64,16.0,in_memory_N16_state,0.3901859132205342,0.2519789602694199,0.732473004924433,2.7786448096548506,0.2142485815701235,0.7623330860273798,3.2813562991633076,0.24250299680427267,0.7487371305965236,3.125561328350456,0.2333100911174778
final_path,breast,uniform_iid_nested,majorant,202601,0.35,64,5,0.004,0.003,1.01,1918.5580638381002,0.05904900000000001,0.007099141622454369,0.0003936600000000001,600,3600,0.3786384798631429,0.3753422903684291,13.89211392402649,2.0,5,"size,texture,surface,irregularity,shape",203378.0,cccf5433b1a78f31,0.0,0.0,False,64,16.0,in_memory_N16_state,0.3637920591701968,0.2688888929833572,0.5987764341623348,2.4291674544316924,0.23249521431336503,0.5996538966439723,2.4908010773934968,0.23552454891532087,0.5600816052032526,2.271117073294866,0.19154137529436285
final_path,breast,uniform_iid_nested,majorant,202602,0.35,64,5,0.004,0.003,1.01,1973.5029069107422,0.05904900000000001,0.007099141622454369,0.0003936600000000001,600,3600,0.34645629743144124,0.2173561578857474,13.587543725967407,2.0,5,"size,texture,surface,irregularity,shape",203379.0,b219df5196c2ce59,0.0,0.0,False,64,16.0,in_memory_N16_state,0.33109714016642194,0.2624727389357085,0.48543171741185503,2.155895517470716,0.24335244984457946,0.4151720752174236,1.8579664451276239,0.1932008656731976,0.47771558042248596,2.2706238669411074,0.25575624875160635
final_path,breast,uniform_iid_nested,majorant,202603,0.35,64,5,0.004,0.003,1.01,1957.5592519016602,0.05904900000000001,0.007099141622454369,0.0003936600000000001,600,3600,0.3916286915648609,0.40040400867845616,12.832733869552612,2.0,5,"size,texture,surface,irregularity,shape",203380.0,145d8497d5d71d49,0.0,0.0,False,64,16.0,in_memory_N16_state,0.3772255052883517,0.2676507603188525,0.6111991171363983,2.440560561484569,0.23721237560111216,0.6206738505580995,2.6158664755165266,0.2556028340095201,0.6054013335413496,2.339775377310319,0.23666777423934227
final_path,breast,uniform_iid_nested,majorant,202604,0.35,64,5,0.004,0.003,1.01,2042.6810644271488,0.05904900000000001,0.007099141622454369,0.0003936600000000001,600,3600,0.4217486425053323,0.3936381272887852,12.657890796661377,2.0,5,"size,texture,surface,irregularity,shape",203381.0,37128658c55ce7cc,0.0,0.0,False,64,16.0,in_memory_N16_state,0.40944110965815383,0.27790940267092124,0.5931365442422172,2.3374159677936364,0.23677393913160777,0.5510736211055528,2.241385704948892,0.21555222059817933,0.5673997543717847,2.3618125944650896,0.21974390118577591
final_path,breast,uniform_iid_nested,majorant,202600,0.35,256,6,0.004,0.003,1.01,1947.4130725150492,0.05314410000000001,0.004791920595156698,0.0002657205,600,4200,0.40983990533870074,0.4702228482673457,56.564087867736816,2.0,5,"size,texture,surface,irregularity,shape",203377.0,8e6f0730d12ba8d0,0.0,0.0,False,256,64.0,,0.39460252729134027,0.2573978531484266,0.46114892344866887,1.9423167483239743,0.22495178279937575,0.4805673279308431,2.301475263432989,0.23927206380533883,0.4852089401429836,2.2392042007226025,0.2362899417395563
final_path,breast,uniform_iid_nested,majorant,202601,0.35,256,6,0.004,0.003,1.01,1918.5580638381002,0.05314410000000001,0.004791920595156698,0.0002657205,600,4200,0.3968508804625003,0.5290782599051805,57.419699907302856,2.0,5,"size,texture,surface,irregularity,shape",203378.0,5121e3def2e086fe,0.0,0.0,False,256,64.0,,0.3861404501737521,0.2631959184443839,0.5101575106217764,2.1686566891756276,0.2381631035508514,0.5413718114139809,2.188331453836715,0.24053772026695083,0.46087315804487555,1.9691818715443297,0.1931342912116344
final_path,breast,uniform_iid_nested,majorant,202602,0.35,256,6,0.004,0.003,1.01,1973.5029069107422,0.05314410000000001,0.004791920595156698,0.0002657205,600,4200,0.38054728491922357,0.4571212985209761,60.597835063934326,2.0,5,"size,texture,surface,irregularity,shape",203379.0,574aca31a092dec6,0.0,0.0,False,256,64.0,,0.36635136748300257,0.2707947285405913,0.42291965274933824,1.8794134413854688,0.24906254618484136,0.3773681211238517,1.6337037640956977,0.2015493647228862,0.41953513426689776,1.9898726430400855,0.2619322577780115
final_path,breast,uniform_iid_nested,majorant,202603,0.35,256,6,0.004,0.003,1.01,1957.5592519016602,0.05314410000000001,0.004791920595156698,0.0002657205,600,4200,0.3785432213689677,0.3824845074264413,54.35839104652405,2.0,5,"size,texture,surface,irregularity,shape",203380.0,6f297501036fadba,0.0,0.0,False,256,64.0,,0.3654283080390411,0.26991703766766995,0.4088845209858458,1.7898219865413083,0.24625346841348283,0.42561127294073625,1.8995943169955873,0.2638444799445994,0.42335896437436427,1.6689612392986855,0.24563479203420832
final_path,breast,uniform_iid_nested,majorant,202604,0.35,256,6,0.004,0.003,1.01,2042.6810644271488,0.05314410000000001,0.004791920595156698,0.0002657205,600,4200,0.4100041272477653,0.38518716085458393,53.709535121917725,2.0,5,"size,texture,surface,irregularity,shape",203381.0,e49c73ced6469c77,0.0,0.0,False,256,64.0,,0.3936259083524368,0.27546864731481424,0.49126822386236424,2.0630583918295344,0.24097939009411698,0.4519144194758815,1.9560920690853203,0.22169388284168048,0.46320907540716016,2.0782084993102994,0.2235293904868008
